이름,카테고리,가격,단위,정규이름
[KF365] 햇 감자 1kg,채소,3990,1kg,[kf365]햇감자
햇 양파 1.5kg,채소,3990,5kg,햇양파1.
[KF365] 다다기오이 3입,채소,3990,3입,[kf365]다다기오이
한통 양배추,채소,3990,기타,한통양배추
[KF365] 애호박 1개,채소,1590,1개,[kf365]애호박
알배기 배추 1봉,채소,2990,1봉,알배기배추
[바름] 영암 친환경 꿀고구마 1.5kg,채소,6990,5kg,[바름]영암친환경꿀고구마1.
싱그러운 유러피안 샐러드믹스 2종,채소,3890,기타,싱그러운유러피안샐러드믹스2종
[KF365] 파프리카 2입,채소,2390,2입,[kf365]파프리카
깐대파 500g,채소,2990,500g,깐대파
[KF365] 브로콜리 1입,채소,3290,1입,[kf365]브로콜리
[KF365] 무농약 국산콩 콩나물 300g,채소,1490,300g,[kf365]무농약국산콩콩나물
친환경 당근 500g,채소,4490,500g,친환경당근
와일드 루꼴라 50g,채소,2511,50g,와일드루꼴라
[KF365] 새송이버섯 400g,채소,2990,400g,[kf365]새송이버섯
[KF365] 팽이버섯 2입,채소,1490,2입,[kf365]팽이버섯
친환경 오이 2입,채소,2691,2입,친환경오이
[KF365] 친환경 표고버섯 300g,채소,3990,300g,[kf365]친환경표고버섯
[KF365] 햇 양파 1.8kg,채소,5490,8kg,[kf365]햇양파1.
[KF365] 무 1통,채소,2490,기타,[kf365]무1통
천안 아우내 오이 5입,채소,4041,5입,천안아우내오이
[KF365] 청양고추 200g,채소,2390,200g,[kf365]청양고추
제주도 친환경 한통 양배추,채소,6290,기타,제주도친환경한통양배추
[KF365] 깐마늘 200g,채소,3990,200g,[kf365]깐마늘
햇 양파 900g,채소,3990,900g,햇양파
친환경 시금치 200g,채소,2990,200g,친환경시금치
양상추 1입,채소,2190,1입,양상추
[KF365] 부추 200g,채소,1990,200g,[kf365]부추
조각 양배추 500g,채소,2990,500g,조각양배추
[KF365] 가지 2입,채소,2190,2입,[kf365]가지
한끼 감자 300g,채소,2990,300g,한끼감자
[KF365] 깻잎 30g,채소,1490,30g,[kf365]깻잎
[KF365] 흙대파 1단 850g,채소,2690,850g,[kf365]흙대파1단
청경채 300g,채소,2490,300g,청경채
[KF365] 호박고구마 800g,채소,5990,800g,[kf365]호박고구마
더 달콤한 무농약 숙성 고구마 1.5kg,채소,7990,5kg,더달콤한무농약숙성고구마1.
마늘 100% 다진마늘 500g,채소,7990,500g,마늘100%다진마늘
[풀무원] 특등급 국산콩 무농약 콩나물 340g,채소,2590,340g,[풀무원]특등급국산콩무농약콩나물
친환경 햇 양파 500g,채소,3141,500g,친환경햇양파
[풀무원] 다진마늘 2종,채소,5990,기타,[풀무원]다진마늘2종
[KF365] 참타리 버섯 200g,채소,990,200g,[kf365]참타리버섯
친환경 애호박 1개,채소,1990,1개,친환경애호박
친환경 깐 양파 200g,채소,2990,200g,친환경깐양파
친환경 브로콜리 1개,채소,5490,1개,친환경브로콜리
친환경 햇 양파 1kg,채소,4490,1kg,친환경햇양파
샐러드 채소믹스 1kg,채소,8890,1kg,샐러드채소믹스
파로(엠머밀)500g,채소,10900,500g,파로(엠머밀)
믹스 샐러드 4종,채소,3340,기타,믹스샐러드4종
[풀무원] SOGA 아삭숙주 350g,채소,1890,350g,[풀무원]soga아삭숙주
한끼 깐마늘 100g,채소,2490,100g,한끼깐마늘
깐마늘 1kg,채소,12510,1kg,깐마늘
경기 시금치 200g,채소,1990,200g,경기시금치
양송이버섯 140g,채소,3490,140g,양송이버섯
친환경 감자 600g,채소,4990,600g,친환경감자
[KF365] 냉동 다진 마늘 300g,채소,6990,300g,[kf365]냉동다진마늘
깐쪽파 200g,채소,3990,200g,깐쪽파
국내산 햇 마늘종 2종,채소,5290,기타,국내산햇마늘종2종
[KF365] 청상추 150g,채소,1790,150g,[kf365]청상추
청도 미나리 300g,채소,4990,300g,청도미나리
[피그인더가든] 프레쉬믹스 베이직샐러드,채소,2190,기타,[피그인더가든]프레쉬믹스베이직샐러드
상주 흑침 오이 5입,채소,4490,5입,상주흑침오이
[KF365] 밤고구마 800g,채소,4491,800g,[kf365]밤고구마
[제각각] 다다기오이 7입,채소,4990,7입,[제각각]다다기오이
햇 양파 3kg,채소,7990,3kg,햇양파
[김구원선생] 장수 콩나물 600g,채소,1990,600g,[김구원선생]장수콩나물
친환경 버터헤드레터스,채소,3390,기타,친환경버터헤드레터스
바로 데워먹는 야채찜1kg,채소,12290,1kg,바로데워먹는야채찜
친환경 양배추 슬라이스 300g,채소,3640,300g,친환경양배추슬라이스
친환경 깻잎 100g,채소,3990,100g,친환경깻잎
밀양 햇 흙당근 1kg,채소,3591,1kg,밀양햇흙당근
[바름팜] 친환경 채소믹스 샐러드 500g(250g*2봉),채소,6790,500g,[바름팜]친환경채소믹스샐러드(*)
한끼 당근,채소,2190,기타,한끼당근
채소믹스 500g,채소,5290,500g,채소믹스
GAP 장수 숙주나물 200g,채소,1490,200g,gap장수숙주나물
[KF365] 포기로메인 300g,채소,3390,300g,[kf365]포기로메인
상추&깻잎 간편쌈 120g,채소,2990,120g,상추&깻잎간편쌈
흙대파 1.2kg,채소,1990,2kg,흙대파1.
감자 2kg,채소,10710,2kg,감자
표고버섯 100g,채소,2990,100g,표고버섯
미나리 250g,채소,3990,250g,미나리
국산 완두콩 500g,채소,7990,500g,국산완두콩
미니 파프리카 200g,채소,4990,200g,미니파프리카
미니오이 5입,채소,2990,5입,미니오이
[김구원선생] 무농약 숙주나물 200g,채소,2190,200g,[김구원선생]무농약숙주나물
파프리카 4입/봉,채소,5990,4입,파프리카/봉
친환경 손질한 잎몸 대파 200g,채소,3591,200g,친환경손질한잎몸대파
한입 꿀고구마 1kg,채소,4990,1kg,한입꿀고구마
친환경 조각 양배추 400g,채소,3490,400g,친환경조각양배추
베이비 아스파라거스 100g,채소,5790,100g,베이비아스파라거스
[저스트그린] 데일리 샐러드 4종,채소,1776,기타,[저스트그린]데일리샐러드4종
뉴질랜드 단호박 1통,채소,3990,기타,뉴질랜드단호박1통
친환경 브라운 양송이 150g,채소,3990,150g,친환경브라운양송이
이탈리안 루꼴라 샐러드믹스 2종,채소,4990,기타,이탈리안루꼴라샐러드믹스2종
[제각각] 양송이버섯 300g,채소,4490,300g,[제각각]양송이버섯
친환경 당근채 200g,채소,3590,200g,친환경당근채
꿀 밤고구마 3kg,채소,14900,3kg,꿀밤고구마
당도선별 성주 참외 1.5kg (4~7입),과일_견과_쌀,10900,5kg,당도선별성주참외1.(4~)
[KF365] 국산 블루베리 200g (특),과일_견과_쌀,12900,200g,[kf365]국산블루베리(특)
[KF365] 대추방울토마토 750g,과일_견과_쌀,6990,750g,[kf365]대추방울토마토
세척사과 1.4kg (6~7입),과일_견과_쌀,14900,4kg,세척사과1.(6~)
성주 꼬마 참외 900g (5~8입),과일_견과_쌀,9990,900g,성주꼬마참외(5~)
[퓨어스펙] 블랙라벨 고당도 오렌지 1.5kg (8입),과일_견과_쌀,8990,5kg,[퓨어스펙]블랙라벨고당도오렌지1.()
[KF365] 당도선별 수박 4kg 이상,과일_견과_쌀,24900,4kg,[kf365]당도선별수박이상
국산 블루베리 100g (특),과일_견과_쌀,7990,100g,국산블루베리(특)
[Dole] 스위티오 바나나 2종,과일_견과_쌀,4990,기타,[dole]스위티오바나나2종
땅끝 해남 쌀 10kg,과일_견과_쌀,32900,10kg,땅끝해남쌀
[KF365] 실속 바나나 1kg 2종,과일_견과_쌀,3990,1kg,[kf365]실속바나나2종
[일일특가] 스테비아 대추방울토마토 1kg,과일_견과_쌀,9990,1kg,[일일특가]스테비아대추방울토마토
고랭지 햇사과 1.3kg (4~6입),과일_견과_쌀,19900,3kg,고랭지햇사과1.(4~)
냉동 칠레산 블루베리 1kg,과일_견과_쌀,9990,1kg,냉동칠레산블루베리
14brix 못생겨도 맛있는 사과 1.5kg,과일_견과_쌀,19900,5kg,14brix못생겨도맛있는사과1.
스테비아 대추방울토마토 450g,과일_견과_쌀,7990,450g,스테비아대추방울토마토
완숙토마토 1kg,과일_견과_쌀,7990,1kg,완숙토마토
[KF365] 유명산지 고당도사과 1.5kg (5~6입),과일_견과_쌀,25900,5kg,[kf365]유명산지고당도사과1.(5~)
7일 향미 8kg,과일_견과_쌀,35900,8kg,7일향미
7일 향미 4kg,과일_견과_쌀,19900,4kg,7일향미
대저 토마토 1kg,과일_견과_쌀,13900,1kg,대저토마토
[KF365] 당도선별 수박 5kg 이상,과일_견과_쌀,29900,5kg,[kf365]당도선별수박이상
[제스프리] 뉴질랜드 점보 썬골드키위 750g (5입/대과) (후숙필요),과일_견과_쌀,8990,750g,[제스프리]뉴질랜드점보썬골드키위(/대과)(후숙필요)
[KF365] 기본에 충실한 하루견과(20g*14봉),과일_견과_쌀,11900,20g,[kf365]기본에충실한하루견과(*)
[대한제일미] 서산 간척지 시월미소미 쌀10kg,과일_견과_쌀,29900,10kg,[대한제일미]서산간척지시월미소미쌀
[Dole] 페루 아보카도 1kg (4~7입),과일_견과_쌀,9990,1kg,[dole]페루아보카도(4~)
[KF365] 완숙토마토 2kg,과일_견과_쌀,9990,2kg,[kf365]완숙토마토
고랭지 부사 사과 3kg(12입),과일_견과_쌀,39900,3kg,고랭지부사사과()
바로먹는 아보카도 3입,과일_견과_쌀,10900,3입,바로먹는아보카도
[제스프리] 뉴질랜드 골드키위 1.1kg (8~10입) (후숙필요),과일_견과_쌀,9990,1kg,[제스프리]뉴질랜드골드키위1.(8~)(후숙필요)
[cutie] 미국산 만다린 800g,과일_견과_쌀,9990,800g,[cutie]미국산만다린
친환경 대추방울토마토 500g,과일_견과_쌀,6990,500g,친환경대추방울토마토
무농약 마틸다 토마토 1kg,과일_견과_쌀,11900,1kg,무농약마틸다토마토
냉동 유기농 블루베리 700g (미국산),과일_견과_쌀,12900,700g,냉동유기농블루베리(미국산)
[KF365] 머스크멜론 1.6kg,과일_견과_쌀,11900,6kg,[kf365]머스크멜론1.
[MPARK] 미국산 블랙라벨 네이블 오렌지 1kg (5~6입),과일_견과_쌀,6990,1kg,[mpark]미국산블랙라벨네이블오렌지(5~)
[KF365] 컷팅파인애플 1kg,과일_견과_쌀,12900,1kg,[kf365]컷팅파인애플
[스윗볼] 스테비아 토마토 3종,과일_견과_쌀,7990,기타,[스윗볼]스테비아토마토3종
[KF365] 친환경 블루베리 200g (특),과일_견과_쌀,14900,200g,[kf365]친환경블루베리(특)
미국산 캘리포니아 생체리 300g (10row),과일_견과_쌀,12900,300g,미국산캘리포니아생체리(10row)
[스미후루] 감숙왕 바나나 2종,과일_견과_쌀,4990,기타,[스미후루]감숙왕바나나2종
당도선별 한라봉 1kg (3~5입),과일_견과_쌀,15900,1kg,당도선별한라봉(3~)
[KF365] 방울토마토 500g,과일_견과_쌀,5990,500g,[kf365]방울토마토
달보드레쌀 4kg,과일_견과_쌀,14900,4kg,달보드레쌀
씻어나온 완전미 고시히카리 쌀 4kg,과일_견과_쌀,18900,4kg,씻어나온완전미고시히카리쌀
[Dole] 스위티오 파인애플 슬라이스 540g,과일_견과_쌀,9990,540g,[dole]스위티오파인애플슬라이스
델라웨어 포도 200g,과일_견과_쌀,10900,200g,델라웨어포도
[KF365] 아보카도 (1개),과일_견과_쌀,3390,1개,[kf365]아보카도()
친환경 블루베리 300g (상),과일_견과_쌀,19900,300g,친환경블루베리(상)
무농약 대저 짭짤이 토마토 600g (2S-M),과일_견과_쌀,15900,600g,무농약대저짭짤이토마토(2s-m)
친환경 블루베리 100g (특),과일_견과_쌀,9900,100g,친환경블루베리(특)
GAP 대추방울토마토 1kg,과일_견과_쌀,10900,1kg,gap대추방울토마토
벌이 수정한 퇴촌 토마토 2종,과일_견과_쌀,9990,기타,벌이수정한퇴촌토마토2종
임금님표 이천쌀 알찬미 쌀 10kg,과일_견과_쌀,47400,10kg,임금님표이천쌀알찬미쌀
구운 아몬드 500g,과일_견과_쌀,10210,500g,구운아몬드
유기농 혼합 9곡 800g (콩없는 혼합 잡곡),과일_견과_쌀,7990,800g,유기농혼합9곡(콩없는혼합잡곡)
[HBAF] 매일 색다른 먼투썬 하루견과 2주 (20gX14봉),과일_견과_쌀,12900,20g,[hbaf]매일색다른먼투썬하루견과2주(x)
[대한제일미] 서산 간척지 시월미소미 쌀 4kg,과일_견과_쌀,13900,4kg,[대한제일미]서산간척지시월미소미쌀
대왕님표여주쌀(진상) 10kg,과일_견과_쌀,47400,10kg,대왕님표여주쌀(진상)
유기농 바나나 500g,과일_견과_쌀,3790,500g,유기농바나나
냉동 아보카도 500g (페루산),과일_견과_쌀,7990,500g,냉동아보카도(페루산)
GAP 레드칸 토마토 1kg,과일_견과_쌀,8990,1kg,gap레드칸토마토
영광 신동진 쌀 10kg,과일_견과_쌀,38900,10kg,영광신동진쌀
가바(GABA) 대추방울토마토 500g,과일_견과_쌀,6990,500g,가바(gaba)대추방울토마토
파로(엠머밀)500g,과일_견과_쌀,10900,500g,파로(엠머밀)
유기농 찰토마토 2kg,과일_견과_쌀,23900,2kg,유기농찰토마토
카라향 1kg (4~9입),과일_견과_쌀,11900,1kg,카라향(4~)
[Dole] 필리핀 아보카도 1kg (4~7입),과일_견과_쌀,14900,1kg,[dole]필리핀아보카도(4~)
[스미후루] 순 유기농 바나나 2종,과일_견과_쌀,3990,기타,[스미후루]순유기농바나나2종
냉동 블루베리 1.5kg (미국산),과일_견과_쌀,16900,5kg,냉동블루베리1.(미국산)
주스용 실속 사과 2kg,과일_견과_쌀,17900,2kg,주스용실속사과
루비벨 토마토 750g,과일_견과_쌀,9990,750g,루비벨토마토
무농약 토마토 1kg,과일_견과_쌀,9990,1kg,무농약토마토
유기농 담음 신동진 쌀 4kg,과일_견과_쌀,19700,4kg,유기농담음신동진쌀
[수미과] 조각 수박 800g,과일_견과_쌀,22900,800g,[수미과]조각수박
친환경 방울토마토500g,과일_견과_쌀,7990,500g,친환경방울토마토
[타무르] 데이츠 대추야자 14구,과일_견과_쌀,36900,기타,[타무르]데이츠대추야자14구
맛좋은 알뜰배 2kg (3~4입),과일_견과_쌀,19900,2kg,맛좋은알뜰배(3~)
하루 건강견과 Excellent 500g (20gX25봉),과일_견과_쌀,23900,500g,하루건강견과excellent(x)
[수미과] 조각 수박 400g,과일_견과_쌀,12900,400g,[수미과]조각수박
작지만 나도 성주 참외 2kg(10~15입),과일_견과_쌀,19900,2kg,작지만나도성주참외(10~)
[선물세트] 유명산지 사과세트 3.8kg (14~15입),과일_견과_쌀,49900,8kg,[선물세트]유명산지사과세트3.(14~)
[썬키스트] 팬시 레몬 1kg (8~12입),과일_견과_쌀,9990,1kg,[썬키스트]팬시레몬(8~)
엘그로 백진주쌀 10kg,과일_견과_쌀,48900,10kg,엘그로백진주쌀
태국산 고당도 씨암 망고 2종,과일_견과_쌀,10900,기타,태국산고당도씨암망고2종
백진주 쌀 4kg,과일_견과_쌀,20900,4kg,백진주쌀
맛나 대추방울토마토 750g,과일_견과_쌀,9990,750g,맛나대추방울토마토
[MPARK] 블랙라벨 고당도 오렌지 1.2kg (5~6입),과일_견과_쌀,7990,2kg,[mpark]블랙라벨고당도오렌지1.(5~)
하우스 대석 자두 300g (4~7입),과일_견과_쌀,12900,300g,하우스대석자두(4~)
[닥터넛츠] 저당 다크초콜릿 견과 3종,과일_견과_쌀,6980,기타,[닥터넛츠]저당다크초콜릿견과3종
[MPARK] 이스라엘 자몽 1.5kg (5~6입),과일_견과_쌀,9990,5kg,[mpark]이스라엘자몽1.(5~)
[Dole] 스위티오 파인애플 청크 400g,과일_견과_쌀,7990,400g,[dole]스위티오파인애플청크
[HBAF] 먼투썬 하루견과 블랙 20gx20봉,과일_견과_쌀,19900,20g,[hbaf]먼투썬하루견과블랙x
임금님표 이천쌀 알찬미 쌀 4kg,과일_견과_쌀,28900,4kg,임금님표이천쌀알찬미쌀
태국산 마하차녹 무지개 망고 600g (2입),과일_견과_쌀,8990,600g,태국산마하차녹무지개망고()
미국산 캘리포니아 생체리 300g (9.5row),과일_견과_쌀,13900,300g,미국산캘리포니아생체리(9.5row)
[압구정주꾸미] 주꾸미 볶음 2종 (택1),수산_해산_건어물,6500,기타,[압구정주꾸미]주꾸미볶음2종(택1)
[비비고] 순살 생선구이 4종 (택1),수산_해산_건어물,4480,기타,[비비고]순살생선구이4종(택1)
[KF365] 항공직송 노르웨이 생연어 6종 (택1),수산_해산_건어물,15900,기타,[kf365]항공직송노르웨이생연어6종(택1)
[압구정낙지] 낙지 볶음 2종 (택1),수산_해산_건어물,7500,기타,[압구정낙지]낙지볶음2종(택1)
[KF365] 에어프라이어용 생선까스,수산_해산_건어물,9590,기타,[kf365]에어프라이어용생선까스
"[2개 이상 구매시, 20%할인] 프리미엄 생새우살 3종 (냉동)",수산_해산_건어물,6290,2개,"[이상구매시,20%할인]프리미엄생새우살3종(냉동)"
[우주] 프리미엄 손질 생새우살 200g (냉동)(26/30사이즈),수산_해산_건어물,6490,200g,[우주]프리미엄손질생새우살(냉동)(26/30사이즈)
[오봉집] 낙지볶음 2종 (냉동),수산_해산_건어물,6690,기타,[오봉집]낙지볶음2종(냉동)
[Sea to Table] 손질 생새우살 200g (냉동) (26/30 사이즈),수산_해산_건어물,7220,200g,[seatotable]손질생새우살(냉동)(26/30사이즈)
[연안식당] 인기 해물 탕 4종 (택1),수산_해산_건어물,9890,기타,[연안식당]인기해물탕4종(택1)
[KF365] 국산 손질오징어 300g (냉장),수산_해산_건어물,14000,300g,[kf365]국산손질오징어(냉장)
[압구정오징어] 갑오징어 볶음 2종 (택1),수산_해산_건어물,8500,기타,[압구정오징어]갑오징어볶음2종(택1)
[KF365] 노르웨이 생연어회 200g (냉장),수산_해산_건어물,15900,200g,[kf365]노르웨이생연어회(냉장)
[KF365] 간편한 6가지 해물 모듬,수산_해산_건어물,7990,기타,[kf365]간편한6가지해물모듬
One-Frozen 노르웨이 고등어 3종 (냉동) (택1),수산_해산_건어물,8900,기타,one-frozen노르웨이고등어3종(냉동)(택1)
[만전김X컬리] 갓구운 만전김 16봉,수산_해산_건어물,4790,16봉,[만전김x컬리]갓구운만전김
[쌜모네키친] 오로라 생연어 2종 (냉장),수산_해산_건어물,12900,기타,[쌜모네키친]오로라생연어2종(냉장)
[포트'럭] 서해안 봄 암꽃게 1kg (3~4미)(생물),수산_해산_건어물,48900,1kg,[포트'럭]서해안봄암꽃게(3~4미)(생물)
[우물우물] 바른 진미 오징어채,수산_해산_건어물,11490,기타,[우물우물]바른진미오징어채
[KF365] 노르웨이 생연어 스테이크 200g (냉장),수산_해산_건어물,12900,200g,[kf365]노르웨이생연어스테이크(냉장)
[우오가시] 민물 양념장어,수산_해산_건어물,28990,기타,[우오가시]민물양념장어
[하남주꾸미] 주꾸미 볶음 2종 (택1),수산_해산_건어물,10900,기타,[하남주꾸미]주꾸미볶음2종(택1)
[연안식당] 꼬막 비빔장 2종 (택1),수산_해산_건어물,5500,기타,[연안식당]꼬막비빔장2종(택1)
[모현상회] 간장 생연어장 2종 (택1),수산_해산_건어물,10500,기타,[모현상회]간장생연어장2종(택1)
[Ozen] 훈제연어 슬라이스 180g 3종 (냉장) (택1),수산_해산_건어물,14900,180g,[ozen]훈제연어슬라이스3종(냉장)(택1)
[KF365] 완도 전복 5종 (생물) (택1),수산_해산_건어물,7900,기타,[kf365]완도전복5종(생물)(택1)
껍질벗긴 프리미엄 붉은 생새우살 300g (냉동),수산_해산_건어물,13800,300g,껍질벗긴프리미엄붉은생새우살(냉동)
[오봉집] 시원한 낙지 연포탕,수산_해산_건어물,13900,기타,[오봉집]시원한낙지연포탕
[포트'럭] 국산 손질 생새우살 2종 (택1) (냉동),수산_해산_건어물,7490,기타,[포트'럭]국산손질생새우살2종(택1)(냉동)
[KF365] 국산 손질 꽃게 2종 (냉동),수산_해산_건어물,10400,기타,[kf365]국산손질꽃게2종(냉동)
[제주창해] 제주 손질 고등어살 4종 (냉동) (택1),수산_해산_건어물,5900,기타,[제주창해]제주손질고등어살4종(냉동)(택1)
[만전김] 두번구워 더욱 바삭한 만전 김밥용김,수산_해산_건어물,2800,기타,[만전김]두번구워더욱바삭한만전김밥용김
[KF365] 두툼한 국산 손질오징어 600g (냉동),수산_해산_건어물,19900,600g,[kf365]두툼한국산손질오징어(냉동)
[KF365] 간편한 손질오징어 600g (냉동),수산_해산_건어물,12170,600g,[kf365]간편한손질오징어(냉동)
[어굼터] 순살 고등어구이 2종 (택1),수산_해산_건어물,3600,기타,[어굼터]순살고등어구이2종(택1)
[Kurly's] 순살 생선 4종 (택1),수산_해산_건어물,11900,기타,[kurly's]순살생선4종(택1)
[KF365] 명인 명란 2종 (택1),수산_해산_건어물,5800,기타,[kf365]명인명란2종(택1)
[KF365] 제주토막갈치 3종 (냉동) (택1),수산_해산_건어물,14290,기타,[kf365]제주토막갈치3종(냉동)(택1)
"간편한 손질 가리비 관자살 500g (중,냉동)",수산_해산_건어물,10990,500g,"간편한손질가리비관자살(중,냉동)"
[건어물상회] 통영 어린이멸치 200g,수산_해산_건어물,6790,200g,[건어물상회]통영어린이멸치
[오봉집] 주꾸미 볶음 2종 (택1),수산_해산_건어물,7550,기타,[오봉집]주꾸미볶음2종(택1)
[기장물산] 해녀가 인정한 기장미역,수산_해산_건어물,7590,기타,[기장물산]해녀가인정한기장미역
[해찬미소] 남도식 된장 꽃게탕,수산_해산_건어물,10900,기타,[해찬미소]남도식된장꽃게탕
[주전부리마켓] 내맘속에 구운 오징어,수산_해산_건어물,8700,기타,[주전부리마켓]내맘속에구운오징어
[KF365] 노르웨이 생연어회 400g (냉장),수산_해산_건어물,28500,400g,[kf365]노르웨이생연어회(냉장)
[바다해] 쫄깃 진미채 200g,수산_해산_건어물,13900,200g,[바다해]쫄깃진미채
[Sea to Table] 손질 왕 흰다리새우 300g (냉동) (16/20 사이즈),수산_해산_건어물,10573,300g,[seatotable]손질왕흰다리새우(냉동)(16/20사이즈)
[속초해품] 백명란젓 400g,수산_해산_건어물,15400,400g,[속초해품]백명란젓
[동광젓갈] 백명란젓,수산_해산_건어물,7980,기타,[동광젓갈]백명란젓
[KF365] 노르웨이 생연어횟감 400g (냉장),수산_해산_건어물,26900,400g,[kf365]노르웨이생연어횟감(냉장)
[광천김] 광천 파래 도시락김 16봉,수산_해산_건어물,5900,16봉,[광천김]광천파래도시락김
[대흥] 간편하게 손질된 데친 참문어 400g (냉장),수산_해산_건어물,27900,400g,[대흥]간편하게손질된데친참문어(냉장)
어린이 순살 생선 3종 (택1) (냉동),수산_해산_건어물,12900,기타,어린이순살생선3종(택1)(냉동)
[만선] 손질 전복살 3종 (택1) (냉동),수산_해산_건어물,18990,기타,[만선]손질전복살3종(택1)(냉동)
[Sea to Table] 볶음밥용 손질 새우살 200g (냉동) (91/120 사이즈),수산_해산_건어물,6072,200g,[seatotable]볶음밥용손질새우살(냉동)(91/120사이즈)
[주전부리마켓] 내맘속에 국산 오징어 90g,수산_해산_건어물,16900,90g,[주전부리마켓]내맘속에국산오징어
[KF365] 곱창 캔김 4종 (택1),수산_해산_건어물,4790,기타,[kf365]곱창캔김4종(택1)
[법성포참맛] 프리미엄 영광굴비180g (2마리) (냉동),수산_해산_건어물,10900,180g,[법성포참맛]프리미엄영광굴비(2마리)(냉동)
[포트'럭] 5가지 국산 해물모둠 300g (냉동),수산_해산_건어물,10900,300g,[포트'럭]5가지국산해물모둠(냉동)
[아라찬] 프리미엄 날치알 2종 (냉동),수산_해산_건어물,9060,기타,[아라찬]프리미엄날치알2종(냉동)
[이금선명인] 순살 간장양념 꽃게장 2종 (택1),수산_해산_건어물,14500,기타,[이금선명인]순살간장양념꽃게장2종(택1)
[선물세트] 민어굴비 세트,수산_해산_건어물,59000,기타,[선물세트]민어굴비세트
[포트'럭] 남해안 활낙지 2종 (생물) (택1),수산_해산_건어물,13900,기타,[포트'럭]남해안활낙지2종(생물)(택1)
[Mr.주꾸미] 주꾸미 볶음 2종 (택1),수산_해산_건어물,10500,기타,[mr.주꾸미]주꾸미볶음2종(택1)
[옆집꽃님이네] 직화구이김 5g X 27봉 2종 (택1),수산_해산_건어물,21600,5g,[옆집꽃님이네]직화구이김x2종(택1)
[골라담기] 인기 안주거리 8종 (택2),수산_해산_건어물,3350,기타,[골라담기]인기안주거리8종(택2)
[모현상회] 대광어 지느러미회 (엔가와) 100g,수산_해산_건어물,13900,100g,[모현상회]대광어지느러미회(엔가와)
[대흥] 간편하게 손질된 모리타니아산 데친 문어 250g (냉장),수산_해산_건어물,13800,250g,[대흥]간편하게손질된모리타니아산데친문어(냉장)
"[Sea to table] 간편한 손질 가리비 관자살 300g (대,냉동)",수산_해산_건어물,6990,300g,"[seatotable]간편한손질가리비관자살(대,냉동)"
[대천김] 곱창 도시락김 5g X 12봉,수산_해산_건어물,6000,5g,[대천김]곱창도시락김x
[만선] 두툼한 양념장어구이 2종 (택1),수산_해산_건어물,19900,기타,[만선]두툼한양념장어구이2종(택1)
대용량 프리미엄 손질 생새우살 800g (냉동) (26/30 사이즈),수산_해산_건어물,20900,800g,대용량프리미엄손질생새우살(냉동)(26/30사이즈)
[영심] 해조류 5종 (냉장),수산_해산_건어물,2380,기타,[영심]해조류5종(냉장)
[제주창해] 제주 고등어살 120~150g X 4입 (냉동),수산_해산_건어물,5900,150g,[제주창해]제주고등어살120~x(냉동)
국산 붉은대게살 100g (냉장),수산_해산_건어물,6990,100g,국산붉은대게살(냉장)
[KF365] 노르웨이 생연어필렛 1kg (냉장),수산_해산_건어물,56900,1kg,[kf365]노르웨이생연어필렛(냉장)
[바른생선] 장문볼락살 600g (5~7쪽) (냉동),수산_해산_건어물,12900,600g,[바른생선]장문볼락살(5~7쪽)(냉동)
[비비고] 노릇하게 구운 갈치구이,수산_해산_건어물,4780,기타,[비비고]노릇하게구운갈치구이
[삼삼물산] 남해에서 온 바지락살 120g (생물),수산_해산_건어물,7690,120g,[삼삼물산]남해에서온바지락살(생물)
[비비고] 노릇하게 구운 고등어 구이,수산_해산_건어물,4330,기타,[비비고]노릇하게구운고등어구이
[바비엔] 오징어 볶음 2종 (택1),수산_해산_건어물,9900,기타,[바비엔]오징어볶음2종(택1)
[KF365] 참바지락 2종 (생물) (택1),수산_해산_건어물,8360,기타,[kf365]참바지락2종(생물)(택1)
[베베피쉬] 이유식용 국산 다짐살 9종 90g (냉동) (택1),수산_해산_건어물,7900,90g,[베베피쉬]이유식용국산다짐살9종(냉동)(택1)
[덕화명란] MSC 인증 백명란 100g,수산_해산_건어물,7380,100g,[덕화명란]msc인증백명란
[쌜모네키친] 오로라 생연어장 2종 (택1),수산_해산_건어물,10620,기타,[쌜모네키친]오로라생연어장2종(택1)
[KF365] 백합조개 500g (생물),수산_해산_건어물,4790,500g,[kf365]백합조개(생물)
[쌜모네키친] 연어 스테이크 200g (냉동),수산_해산_건어물,12900,200g,[쌜모네키친]연어스테이크(냉동)
[바른생선] 손질 가자미살 600g (냉동),수산_해산_건어물,11900,600g,[바른생선]손질가자미살(냉동)
Hallo! 노르웨이 고등어 130~160g X 3입 (냉동),수산_해산_건어물,9990,160g,hallo!노르웨이고등어130~x(냉동)
[FROYA] 항공직송 노르웨이 생연어 2종 (택1),수산_해산_건어물,16800,기타,[froya]항공직송노르웨이생연어2종(택1)
[바비엔] Oh! 촉촉 오징어구이 2종 (택1),수산_해산_건어물,10900,기타,[바비엔]oh!촉촉오징어구이2종(택1)
[쌜모네키친] 오로라 그라브락스 연어 200g,수산_해산_건어물,18890,200g,[쌜모네키친]오로라그라브락스연어
[건어물상회] 황태채 300g,수산_해산_건어물,12490,300g,[건어물상회]황태채
[주전부리마켓] 석쇠로 구운 담백한 아구포 220g,수산_해산_건어물,11390,220g,[주전부리마켓]석쇠로구운담백한아구포
[제주창해] 제주 은갈치 3종 (냉동) (택1),수산_해산_건어물,18900,기타,[제주창해]제주은갈치3종(냉동)(택1)
[압구정오징어] 오징어 볶음 2종 (택1),수산_해산_건어물,7900,기타,[압구정오징어]오징어볶음2종(택1)
[KF365] 양념 소불고기 2종 (택1),정육_가공육_달걀,12990,기타,[kf365]양념소불고기2종(택1)
[KF365] 1+등급 무항생제 특란 20구,정육_가공육_달걀,6651,기타,[kf365]1+등급무항생제특란20구
[조선호텔] 떡갈비 345g,정육_가공육_달걀,9405,345g,[조선호텔]떡갈비
[Kim's butcher] 돌돌말이 대패 삼겹살 1kg(냉동),정육_가공육_달걀,12900,1kg,[kim'sbutcher]돌돌말이대패삼겹살(냉동)
[브룩클린688] 호주산 목초육 치마살 구이용 300g (냉장),정육_가공육_달걀,11990,300g,[브룩클린688]호주산목초육치마살구이용(냉장)
[KF365] 훈제오리 2종 (2입),정육_가공육_달걀,6770,2입,[kf365]훈제오리2종()
[Kurly's] 동물복지 백색 유정란 20구,정육_가공육_달걀,8670,기타,[kurly's]동물복지백색유정란20구
[Kim's butcher] 호주산 소고기 샤브샤브 500g(냉동),정육_가공육_달걀,10430,500g,[kim'sbutcher]호주산소고기샤브샤브(냉동)
[Kurly's] 동물복지 유정란 20구,정육_가공육_달걀,9290,기타,[kurly's]동물복지유정란20구
[자연실록] 무항생제 닭 다리살 (정육) 500g,정육_가공육_달걀,8670,500g,[자연실록]무항생제닭다리살(정육)
[KF365] 한돈 삼겹살 구이용 600g~ (냉장),정육_가공육_달걀,13800,600g,[kf365]한돈삼겹살구이용~(냉장)
[KF365] 1+ 한우 국거리 300g(냉장),정육_가공육_달걀,11340,300g,[kf365]1+한우국거리(냉장)
[KF365] 무항생제 특란 30구 (15구*2ea),정육_가공육_달걀,9980,기타,[kf365]무항생제특란30구(15구*2ea)
[KF365] 춘천식 닭갈비 1kg (냉장),정육_가공육_달걀,12990,1kg,[kf365]춘천식닭갈비(냉장)
[숭의가든] 옛날 소 불고기,정육_가공육_달걀,13340,기타,[숭의가든]옛날소불고기
[델리치오] 호주산 목초육 안심 스테이크 250g (냉장),정육_가공육_달걀,15990,250g,[델리치오]호주산목초육안심스테이크(냉장)
[다향오리] 훈제오리 슬라이스 (1입/3입),정육_가공육_달걀,4312,1입,[다향오리]훈제오리슬라이스(/)
[KF365] 한돈 목살 구이용 600g~ (냉장),정육_가공육_달걀,13980,600g,[kf365]한돈목살구이용~(냉장)
[KF365] 한돈 급냉 삼겹살 600g~ (냉동),정육_가공육_달걀,14340,600g,[kf365]한돈급냉삼겹살~(냉동)
[KF365] 1+등급 무항생제 초란 + 특란 30구,정육_가공육_달걀,9990,기타,[kf365]1+등급무항생제초란+특란30구
[한끼통살] 소스 닭가슴살 10종 (1입/4입) (택1),정육_가공육_달걀,2730,1입,[한끼통살]소스닭가슴살10종(/)(택1)
[고기반찬] 양념 LA 갈비 800g,정육_가공육_달걀,29925,800g,[고기반찬]양념la갈비
[KF365] 1+ 한우 다짐육 300g(냉장),정육_가공육_달걀,11390,300g,[kf365]1+한우다짐육(냉장)
[KF365] 에어프라이어용 미니 돈까스 2종,정육_가공육_달걀,9890,기타,[kf365]에어프라이어용미니돈까스2종
[KF365] 1+등급 무항생제 백색 대란 20구,정육_가공육_달걀,7290,기타,[kf365]1+등급무항생제백색대란20구
[자연실록] 닭가슴살 큐브 스테이크 4종,정육_가공육_달걀,8075,기타,[자연실록]닭가슴살큐브스테이크4종
치밥하기 좋은 순살 바베큐치킨,정육_가공육_달걀,13290,기타,치밥하기좋은순살바베큐치킨
[태우한우] 1+ 한우 안심 스테이크 200g (냉장),정육_가공육_달걀,31830,200g,[태우한우]1+한우안심스테이크(냉장)
[존쿡 델리미트] 사각잠봉 400g,정육_가공육_달걀,10608,400g,[존쿡델리미트]사각잠봉
[KF365] 오리지널 바베큐폭립 2종,정육_가공육_달걀,9990,기타,[kf365]오리지널바베큐폭립2종
[한끼통살] 그릴드 닭가슴살 13종 (1입/4입),정육_가공육_달걀,2510,1입,[한끼통살]그릴드닭가슴살13종(/)
[KF365] 한돈 고추장양념 돼지불고기 1kg (냉장),정육_가공육_달걀,12990,1kg,[kf365]한돈고추장양념돼지불고기(냉장)
[KF365] 한돈 항정살 500g(냉장),정육_가공육_달걀,23900,500g,[kf365]한돈항정살(냉장)
[KF365] 통통한 그릴 비엔나 소시지 700g,정육_가공육_달걀,8500,700g,[kf365]통통한그릴비엔나소시지
[태우한우] 1+ 한우 채끝 스테이크/구이 200g (냉장),정육_가공육_달걀,26750,200g,[태우한우]1+한우채끝스테이크/구이(냉장)
[KF365] 에어프라이어용 통등심 돈까스 2종,정육_가공육_달걀,10690,기타,[kf365]에어프라이어용통등심돈까스2종
[조선호텔] 양념 LA갈비 500g,정육_가공육_달걀,19465,500g,[조선호텔]양념la갈비
[KF365] 1+ 한우 등심 300g(냉장),정육_가공육_달걀,26900,300g,[kf365]1+한우등심(냉장)
[일상味소] 차돌박이 150g~ (냉동),정육_가공육_달걀,10350,150g,[일상味소]차돌박이~(냉동)
[KF365] 양념 칼집 목살구이1kg (냉동),정육_가공육_달걀,13790,1kg,[kf365]양념칼집목살구이(냉동)
[KF365] 1+등급 무항생제 특란 15구,정육_가공육_달걀,5690,기타,[kf365]1+등급무항생제특란15구
[Kim's Butcher] 미국산 대패 우삼겹 500g(냉동),정육_가공육_달걀,8990,500g,[kim'sbutcher]미국산대패우삼겹(냉동)
[일상味소] 샤브샤브 300g~ (냉동),정육_가공육_달걀,13350,300g,[일상味소]샤브샤브~(냉동)
[상하농원] 순갈색 동물복지 유정란 15구,정육_가공육_달걀,9200,기타,[상하농원]순갈색동물복지유정란15구
[Kurly's] 1++ 한우 국거리 250g (냉장),정육_가공육_달걀,12670,250g,[kurly's]1++한우국거리(냉장)
[마더푸드] 오리지널 쪽갈비,정육_가공육_달걀,13880,기타,[마더푸드]오리지널쪽갈비
[한일관 X 백년가게] 순살갈비,정육_가공육_달걀,27625,기타,[한일관x백년가게]순살갈비
[세미계] 간장 닭갈비 구이,정육_가공육_달걀,13700,기타,[세미계]간장닭갈비구이
[Kurly's] 1++ 한우 등심 250g (냉장),정육_가공육_달걀,33600,250g,[kurly's]1++한우등심(냉장)
[이목 무항생제] 국내산 소고기 다짐육 200g (냉장),정육_가공육_달걀,8800,200g,[이목무항생제]국내산소고기다짐육(냉장)
[KF365] 에어프라이어용 통 닭가슴살 치킨까스 120g*5pk,정육_가공육_달걀,9990,120g,[kf365]에어프라이어용통닭가슴살치킨까스*5pk
[KF365] 한돈 앞다리 찌개용 600g (냉장),정육_가공육_달걀,9400,600g,[kf365]한돈앞다리찌개용(냉장)
[오뗄블랙라벨] 제주돼지로 만든 비엔나 소시지 250g,정육_가공육_달걀,3752,250g,[오뗄블랙라벨]제주돼지로만든비엔나소시지
[하림] 수비드 냉장 닭가슴살 5종 (6개입),정육_가공육_달걀,10725,6개,[하림]수비드냉장닭가슴살5종(입)
[고기반찬] 양념 언양식 소 불고기 300g,정육_가공육_달걀,8925,300g,[고기반찬]양념언양식소불고기
[KF365] 생 등심 돈까스 8입 1kg (냉장),정육_가공육_달걀,14120,8입,[kf365]생등심돈까스(냉장)
[오봉집] 제육볶음400g,정육_가공육_달걀,7900,400g,[오봉집]제육볶음
[KF365] 1+ 한우 불고기용 300g(냉장),정육_가공육_달걀,11340,300g,[kf365]1+한우불고기용(냉장)
[KF365] 1+등급 무항생제 특란 10구,정육_가공육_달걀,3990,기타,[kf365]1+등급무항생제특란10구
[KF365] 1등급 닭 다리살 2종 (냉장),정육_가공육_달걀,9790,기타,[kf365]1등급닭다리살2종(냉장)
[태우한우] 1+ 한우 양지 국거리용 200g 2종 (냉장),정육_가공육_달걀,13750,200g,[태우한우]1+한우양지국거리용2종(냉장)
[조인] 동물복지 백색 유정 반숙란 20구,정육_가공육_달걀,13800,기타,[조인]동물복지백색유정반숙란20구
무항생제 1등급 한돈 수육용 600g 4종 (냉장),정육_가공육_달걀,18900,600g,무항생제1등급한돈수육용4종(냉장)
[하림] 냉장 닭가슴살 4종 (3개입),정육_가공육_달걀,6780,3개,[하림]냉장닭가슴살4종(입)
[자연실록] 동물복지 한입 닭가슴살 1kg,정육_가공육_달걀,13230,1kg,[자연실록]동물복지한입닭가슴살
[일상味소] 다짐육 200g (냉장),정육_가공육_달걀,6900,200g,[일상味소]다짐육(냉장)
[일상味소] 채끝 스테이크 250g (냉장),정육_가공육_달걀,16020,250g,[일상味소]채끝스테이크(냉장)
[숭의가든] 한돈 목살 양념 구이 500g,정육_가공육_달걀,13490,500g,[숭의가든]한돈목살양념구이
[KF365] 1+ 한우 차돌박이 300g (냉동),정육_가공육_달걀,18990,300g,[kf365]1+한우차돌박이(냉동)
[가농바이오] 촉촉하게 구워낸 오메가3 구운란 20구,정육_가공육_달걀,12200,기타,[가농바이오]촉촉하게구워낸오메가3구운란20구
[한일관 X 백년가게] 등심 불고기,정육_가공육_달걀,25520,기타,[한일관x백년가게]등심불고기
[일상味소] 안심 스테이크 200g (냉장),정육_가공육_달걀,17010,200g,[일상味소]안심스테이크(냉장)
[일상味소] 등심 스테이크/구이 2종 (냉장),정육_가공육_달걀,13250,기타,[일상味소]등심스테이크/구이2종(냉장)
[KF365] 두툼한 샌드위치햄 300g (150g*2입),정육_가공육_달걀,4660,300g,[kf365]두툼한샌드위치햄(*)
[KF365] 한돈 삼겹 대패 600g (냉동),정육_가공육_달걀,13350,600g,[kf365]한돈삼겹대패(냉동)
[선물세트] 태우한우 1+ 실속 구이 세트 (냉동),정육_가공육_달걀,195000,기타,[선물세트]태우한우1+실속구이세트(냉동)
[빕스] 바베큐 폭립 오리지날 450g,정육_가공육_달걀,13020,450g,[빕스]바베큐폭립오리지날
[노포기행] 용강동식 돼지왕구이 1kg,정육_가공육_달걀,8990,1kg,[노포기행]용강동식돼지왕구이
[자연실록] 무항생제 닭 가슴살 500g,정육_가공육_달걀,6560,500g,[자연실록]무항생제닭가슴살
[소금집] 잠봉 120g (냉장),정육_가공육_달걀,8900,120g,[소금집]잠봉(냉장)
[KF365] 오리주물럭 600g (200gX3개입),정육_가공육_달걀,13510,600g,[kf365]오리주물럭(x입)
[KF365] 1+등급 무항생제 대란 30구 (15구*2ea),정육_가공육_달걀,9980,기타,[kf365]1+등급무항생제대란30구(15구*2ea)
[브룩클린688] 호주산 토시살 구이용 300g (냉장),정육_가공육_달걀,11925,300g,[브룩클린688]호주산토시살구이용(냉장)
[2개 구매시 45%할인][델리치오] 와규 함박 스테이크 3종,정육_가공육_달걀,6875,2개,[구매시45%할인][델리치오]와규함박스테이크3종
무항생제 1등급 한돈 등갈비 600g (냉장),정육_가공육_달걀,19200,600g,무항생제1등급한돈등갈비(냉장)
[KF365] 한돈 앞다리 제육용 600g (냉장),정육_가공육_달걀,9400,600g,[kf365]한돈앞다리제육용(냉장)
[KF365] 1+등급 무항생제 대란 20구,정육_가공육_달걀,7290,기타,[kf365]1+등급무항생제대란20구
[브룩클린688] 호주산 안창살 구이용 300g (냉장),정육_가공육_달걀,11925,300g,[브룩클린688]호주산안창살구이용(냉장)
[Kurly's] 동물복지 유정란 15구,정육_가공육_달걀,7590,기타,[kurly's]동물복지유정란15구
[Better me] 백색 반숙란 10구,정육_가공육_달걀,6190,기타,[betterme]백색반숙란10구
[제주애월아빠들] 동물복지 유정란 10구,정육_가공육_달걀,5900,기타,[제주애월아빠들]동물복지유정란10구
[자연실록] 무항생제 닭 다리 (북채) 500g,정육_가공육_달걀,8700,500g,[자연실록]무항생제닭다리(북채)
[남도우애] 무항생제 1++ 한우 등심 스테이크/구이 200g (냉장),정육_가공육_달걀,28900,200g,[남도우애]무항생제1++한우등심스테이크/구이(냉장)
[자연실록] 무항생제 삼계탕용 두마리 통닭 (550gX2입),정육_가공육_달걀,10160,550g,[자연실록]무항생제삼계탕용두마리통닭(x)
[KF365] 무항생제 1등급 한우 다짐육 300g,정육_가공육_달걀,12720,300g,[kf365]무항생제1등급한우다짐육
[조인] 동물복지 유정 구운란 20구,정육_가공육_달걀,12150,기타,[조인]동물복지유정구운란20구
[사미헌] 갈비탕,국,11050,기타,[사미헌]갈비탕
[거대곰탕] 곰탕,국,11400,기타,[거대곰탕]곰탕
[미트클레버] 대구막창,국,15520,기타,[미트클레버]대구막창
[일일특가][홍익궁중전통] 육개장 (2인분),국,7560,기타,[일일특가][홍익궁중전통]육개장(2인분)
[신선설농탕] 고기 설렁탕,국,6825,기타,[신선설농탕]고기설렁탕
[사미헌] 우거지 갈비탕,국,8415,기타,[사미헌]우거지갈비탕
[Kurly's] 국산콩 두부 500g,국,3200,500g,[kurly's]국산콩두부
[에머이] 소고기 쌀국수 키트 (2인분),국,10000,기타,[에머이]소고기쌀국수키트(2인분)
[본죽] 메추리알 장조림 1kg,국,9265,1kg,[본죽]메추리알장조림
"[Kurly's] 간편하게 바삭, 유린기",국,8740,기타,"[kurly's]간편하게바삭,유린기"
[홍루이젠] 대만 샌드위치 3개입 3종 (택1),국,8600,3개,[홍루이젠]대만샌드위치입3종(택1)
[Kurly's] 국산콩 두부 300g,국,2200,300g,[kurly's]국산콩두부
[사미헌] 매운 소갈비찜,국,23840,기타,[사미헌]매운소갈비찜
[비비고] 간편한 국물요리 9종 (택2),국,7980,기타,[비비고]간편한국물요리9종(택2)
[신의주 찹쌀순대] 얼큰 순대국,국,6600,기타,[신의주찹쌀순대]얼큰순대국
[햇반/쿡반] 노릇노릇 주먹밥 500g 6종 (택1),국,7980,500g,[햇반/쿡반]노릇노릇주먹밥6종(택1)
[벽제갈비] 한우 설렁탕 & 양곰탕 & 곰탕,국,14450,기타,[벽제갈비]한우설렁탕&양곰탕&곰탕
[외할머니댁] 차돌 된장찌개,국,6975,기타,[외할머니댁]차돌된장찌개
[부침명장] 한입아삭 김치전,국,6880,기타,[부침명장]한입아삭김치전
[도리깨침] 월남쌈 밀키트,국,19080,기타,[도리깨침]월남쌈밀키트
[성수동 분식] 수제 고추튀김 3종 (오리지널/치즈/해물)(택1),국,12900,기타,[성수동분식]수제고추튀김3종(오리지널/치즈/해물)(택1)
[종가] 포기김치 2.3kg,국,19900,3kg,[종가]포기김치2.
[애슐리] 오리지널 통살치킨,국,6290,기타,[애슐리]오리지널통살치킨
[강남면옥] 갈비탕,국,11900,기타,[강남면옥]갈비탕
[앤쿡] 어린이 한우 사골 곰국,국,12375,기타,[앤쿡]어린이한우사골곰국
[Kurly's] 국산콩 2컵두부 (150g*2컵),국,2500,150g,[kurly's]국산콩2컵두부(*2컵)
[진실된손맛] 맑은 나주식곰탕,국,6120,기타,[진실된손맛]맑은나주식곰탕
[조선호텔] 삼계탕 900g,국,11900,900g,[조선호텔]삼계탕
[방방곡곡] 비빔국수 키트 (2인분),국,10500,기타,[방방곡곡]비빔국수키트(2인분)
[숭의가든] 한돈 목살 양념 구이 500g,국,13490,500g,[숭의가든]한돈목살양념구이
[엄마밥상] 청국장,국,6030,기타,[엄마밥상]청국장
[채선당] 샤브샤브 밀키트 (2인),국,16980,기타,[채선당]샤브샤브밀키트(2인)
[석관동 떡볶이] 오리지널 떡볶이 1봉/2봉(택1),국,10200,1봉,[석관동떡볶이]오리지널떡볶이/(택1)
[99치킨] 순살 닭강정,국,9900,기타,[99치킨]순살닭강정
[한일관 X 백년가게] 등심 불고기,국,25520,기타,[한일관x백년가게]등심불고기
[고래사] 프리미엄 어묵탕,국,10170,기타,[고래사]프리미엄어묵탕
[시골보쌈과 감자옹심이] 감자 옹심이 칼국수 (2인분),국,11067,기타,[시골보쌈과감자옹심이]감자옹심이칼국수(2인분)
[조선호텔] 한우미역국 730g,국,6207,730g,[조선호텔]한우미역국
[워커힐] 명월관 갈비탕,국,14450,기타,[워커힐]명월관갈비탕
[소반옥] 왕갈비탕 1KG,국,11900,기타,[소반옥]왕갈비탕
[골라담기] 인기 반찬 18종 균일가 (택2),국,3980,기타,[골라담기]인기반찬18종균일가(택2)
[고래사] 어묵 떡볶이,국,5850,기타,[고래사]어묵떡볶이
[피코크] 금돼지식당 김치찌개,국,5200,기타,[피코크]금돼지식당김치찌개
[우오가시] 민물 양념장어,국,28990,기타,[우오가시]민물양념장어
[비비고] 왕교자 455gx2개입,국,8680,455g,[비비고]왕교자x입
[풀무원] 쌀 물만두 1kg,국,8780,1kg,[풀무원]쌀물만두
[종가] 맛김치 1.2kg,국,13900,2kg,[종가]맛김치1.
[집반찬연구소] 나물 비빔밥 (2인분),국,9180,기타,[집반찬연구소]나물비빔밥(2인분)
[Kurly's] 시원한 배추김치 1.5kg,국,12870,5kg,[kurly's]시원한배추김치1.
[풀무원] 고소한 유기농 순두부 (2개입),국,2700,2개,[풀무원]고소한유기농순두부(입)
[조선호텔] 꿔바로우 450g,국,8428,450g,[조선호텔]꿔바로우
[조선호텔] 게살볶음밥 420g,국,6794,420g,[조선호텔]게살볶음밥
[경복궁 BLACK] 사골 도가니탕,국,11000,기타,[경복궁black]사골도가니탕
[안원당] 우거지 감자탕,국,6800,기타,[안원당]우거지감자탕
[온더고] 간편 미식 덮밥 도시락 4종 (택2),국,5140,기타,[온더고]간편미식덮밥도시락4종(택2)
[고래사] 가정용 꼬치어묵,국,6120,기타,[고래사]가정용꼬치어묵
[톰볼라] 볼로네제 라자냐,국,18320,기타,[톰볼라]볼로네제라자냐
[왕애밥상] 매운실비김치 2종 (택1),국,7300,기타,[왕애밥상]매운실비김치2종(택1)
[비비고] 썰은배추김치 500g (단지형),국,6920,500g,[비비고]썰은배추김치(단지형)
[피코크] 조선호텔 포기김치 3kg,국,38800,3kg,[피코크]조선호텔포기김치
[조선호텔] 갈비탕 730g,국,12927,730g,[조선호텔]갈비탕
[풀무원] 특등급 국산콩 두부 (부침찌개 겸용) 300gx2,국,5480,300g,[풀무원]특등급국산콩두부(부침찌개겸용)x2
[비움반찬] 도시락 밑반찬 세트 5종(택1),국,9207,기타,[비움반찬]도시락밑반찬세트5종(택1)
[청해두부] 토종콩 두부 & 순두부 (2개입) (택1),국,6500,2개,[청해두부]토종콩두부&순두부(입)(택1)
[남다른 감자탕] 순살 감자탕,국,8330,기타,[남다른감자탕]순살감자탕
[조선호텔김치] 프리미엄 겉절이 500g,국,18000,500g,[조선호텔김치]프리미엄겉절이
[바른식] 부산 조방낙지 낙곱새 (2인분),국,18497,기타,[바른식]부산조방낙지낙곱새(2인분)
[비움반찬] 진미채볶음,국,3700,기타,[비움반찬]진미채볶음
[이연복의 복주머니] 한우 우거지 국밥(2인분),국,11610,기타,[이연복의복주머니]한우우거지국밥(2인분)
[마마리] 들깨 미역국,국,3920,기타,[마마리]들깨미역국
[한일관 X 백년가게] 서울불고기,국,15920,기타,[한일관x백년가게]서울불고기
[최현석의 쵸이닷] 새우 봉골레 파스타,국,8370,기타,[최현석의쵸이닷]새우봉골레파스타
[조선호텔] 육개장 730g,국,7347,730g,[조선호텔]육개장
[엄마밥상] 대파 육개장,국,6000,기타,[엄마밥상]대파육개장
[비움반찬] 베스트 9종 모둠 반찬,국,11997,기타,[비움반찬]베스트9종모둠반찬
[마이하노이] 고기폭탄쌀국수,국,6536,기타,[마이하노이]고기폭탄쌀국수
[조선호텔김치] 프리미엄 배추김치 1kg,국,28000,1kg,[조선호텔김치]프리미엄배추김치
[설성목장] 한우 곰탕 600g,국,8900,600g,[설성목장]한우곰탕
[미자언니네] 밑반찬 21종,국,4830,기타,[미자언니네]밑반찬21종
[콜린스 다이닝] 마르게리타 미트볼,국,11400,기타,[콜린스다이닝]마르게리타미트볼
[더오담] 콩비지찌개,국,5310,기타,[더오담]콩비지찌개
[진실된손맛] 소곱창전골,국,7920,기타,[진실된손맛]소곱창전골
[삼호] 부산어묵 바른사각 240g X 2,국,2420,240g,[삼호]부산어묵바른사각x2
[사미헌] LA갈비,국,23000,기타,[사미헌]la갈비
[LOTS OF LOVE] 차돌듬뿍 묵은지 볶음밥,국,6760,기타,[lotsoflove]차돌듬뿍묵은지볶음밥
[탄단지] 가벼운 한식 도시락 6종 (2개입) (택1),국,7820,2개,[탄단지]가벼운한식도시락6종(입)(택1)
[외할머니댁] 갈빗살 육개장 (2인분),국,11700,기타,[외할머니댁]갈빗살육개장(2인분)
[신의주 찹쌀순대] 찹쌀 순대국,국,6600,기타,[신의주찹쌀순대]찹쌀순대국
[오모가리] 수제 김치찌개 2종,국,5500,기타,[오모가리]수제김치찌개2종
[비비고] 총각김치1.5kg,국,19800,5kg,[비비고]총각김치1.
[더건강한] 닭가슴살 샌드위치햄 90g*3,국,6980,90g,[더건강한]닭가슴살샌드위치햄*3
[비비고] 열무김치 1.5kg,국,19800,5kg,[비비고]열무김치1.
[진실된손맛] 모둠나물 손맛 3종(시금치&콩나물&느타리),국,5220,기타,[진실된손맛]모둠나물손맛3종(시금치&콩나물&느타리)
[사세] 버팔로 윙 골드 1kg,국,16900,1kg,[사세]버팔로윙골드
[워커힐] 곰탕,국,11250,기타,[워커힐]곰탕
[풀무원] 한끼 연두부 2개입,국,2480,2개,[풀무원]한끼연두부입
[Chai797] 시그니처 쇠고기 마늘 볶음밥,밀키트,5950,기타,[chai797]시그니처쇠고기마늘볶음밥
[고래사] 냉메밀면,밀키트,5520,기타,[고래사]냉메밀면
[고래사] 어묵면우동,밀키트,5100,기타,[고래사]어묵면우동
[편스토랑X온더고] 이정현의 대파크림 파스타,밀키트,5580,기타,[편스토랑x온더고]이정현의대파크림파스타
[아우름] 대나무 통밥,밀키트,6100,기타,[아우름]대나무통밥
[맥시칸] 크리스피 치킨 2종 (소스 포함)(택1),밀키트,7840,기타,[맥시칸]크리스피치킨2종(소스포함)(택1)
[맥시칸] 허니버터 치킨 2종 (택1),밀키트,6860,기타,[맥시칸]허니버터치킨2종(택1)
[맥시칸] 갈릭양념 치킨 2종 (택1),밀키트,6860,기타,[맥시칸]갈릭양념치킨2종(택1)
[제일맞게컬리] 현미곤약 주먹밥 3종 (택1),밀키트,7180,기타,[제일맞게컬리]현미곤약주먹밥3종(택1)
[식사이론] 저당 맵칼 떡볶이,밀키트,7180,기타,[식사이론]저당맵칼떡볶이
[뽀로로] DIY 고구마 피자만들기,밀키트,9900,기타,[뽀로로]diy고구마피자만들기
[뽀로로] DIY 하와이안 피자만들기,밀키트,9900,기타,[뽀로로]diy하와이안피자만들기
[LOTS OF LOVE] 풍미듬뿍 명란 시래기 볶음밥,밀키트,5600,기타,[lotsoflove]풍미듬뿍명란시래기볶음밥
[햇반/쿡반] 노릇노릇 주먹밥 500g 6종 (택1),밀키트,7980,500g,[햇반/쿡반]노릇노릇주먹밥6종(택1)
[골라담기] 사세 치킨&튀김 5종 (택2),밀키트,5530,기타,[골라담기]사세치킨&튀김5종(택2)
[10주년 기획][햇반] 100% 통곡물밥 130g*12입,밀키트,11900,130g,[10주년기획][햇반]100%통곡물밥*
[CJ] 가쓰오 메밀소바 (4인분),밀키트,7485,기타,[cj]가쓰오메밀소바(4인분)
[특가][CJ] 동치미 물냉면 (2인분),밀키트,5980,기타,[특가][cj]동치미물냉면(2인분)
[동원] 개성 물만두 300g*2,밀키트,6980,300g,[동원]개성물만두*2
[동원] 개성 왕 새우 만두 315g*2,밀키트,8980,315g,[동원]개성왕새우만두*2
[동원] 개성 왕만두 2종 1.2kg (택1),밀키트,9980,2kg,[동원]개성왕만두2종1.(택1)
[도산회관] 한우 소보로 주먹밥,밀키트,12980,기타,[도산회관]한우소보로주먹밥
[이차돌] 차돌박이 숙주볶음,밀키트,14900,기타,[이차돌]차돌박이숙주볶음
[분식EASY] 즉석떡볶이와 모둠튀김,밀키트,12510,기타,[분식easy]즉석떡볶이와모둠튀김
[분식EASY] 비빔막국수와 메밀전병,밀키트,11815,기타,[분식easy]비빔막국수와메밀전병
[분식EASY] 불비빔냉면과 왕만두,밀키트,11815,기타,[분식easy]불비빔냉면과왕만두
[분식EASY] 바지락 칼국수와 김치전,밀키트,12510,기타,[분식easy]바지락칼국수와김치전
[경주미정당] 납작당면 떡볶이,밀키트,5900,기타,[경주미정당]납작당면떡볶이
[경주미정당] 밀 국물떡볶이,밀키트,5900,기타,[경주미정당]밀국물떡볶이
[경주미정당] 쌀 국물떡볶이,밀키트,5900,기타,[경주미정당]쌀국물떡볶이
[경주미정당] 쌀로 만든 쫄면 (2인분),밀키트,4830,기타,[경주미정당]쌀로만든쫄면(2인분)
[경주미정당] 쌀로 만든 물쫄면 (2인분),밀키트,5530,기타,[경주미정당]쌀로만든물쫄면(2인분)
[농협] 구수한 옛날 누룽지 450g,밀키트,6580,450g,[농협]구수한옛날누룽지
[애슐리] 크리스피 핫도그 4종 (택1),밀키트,10490,기타,[애슐리]크리스피핫도그4종(택1)
[포스트] 크리치오 쿠키 시리얼 400g,밀키트,8240,400g,[포스트]크리치오쿠키시리얼
[풀무원] 지구식단 두유면 동치미냉면,밀키트,6980,기타,[풀무원]지구식단두유면동치미냉면
[풀무원] 지구식단 두유면 들기름 막국수,밀키트,6980,기타,[풀무원]지구식단두유면들기름막국수
[호밍스] 부산식곱창전골,밀키트,13850,기타,[호밍스]부산식곱창전골
[김구원선생] 한우 된장 순두부찌개,밀키트,8800,기타,[김구원선생]한우된장순두부찌개
[김구원선생] 들깨 버섯 순두부,밀키트,8300,기타,[김구원선생]들깨버섯순두부
[중앙해장] 해장 군만두 (양무침),밀키트,6580,기타,[중앙해장]해장군만두(양무침)
[청정원] 그레인보우 베이컨 할라피뇨 저당 도시락,밀키트,5980,기타,[청정원]그레인보우베이컨할라피뇨저당도시락
[정호영셰프의 이자카야카덴] 우삼겹 스키야키,밀키트,10900,기타,[정호영셰프의이자카야카덴]우삼겹스키야키
[코우지셰프] 이지카야 스지오뎅탕,밀키트,13900,기타,[코우지셰프]이지카야스지오뎅탕
[디핀] 단호박 크림 뇨끼,밀키트,8500,기타,[디핀]단호박크림뇨끼
[미미네] 쌀떡볶이,밀키트,5040,기타,[미미네]쌀떡볶이
[청정원] 순살바삭 버터갈릭치킨 300g,밀키트,7980,300g,[청정원]순살바삭버터갈릭치킨
[백년밥상] 우삼겹 스지 된장찌개,밀키트,10900,기타,[백년밥상]우삼겹스지된장찌개
[롯데] 미국식 핫도그 3종 (택1) (냉장),밀키트,3990,기타,[롯데]미국식핫도그3종(택1)(냉장)
[청정원] 매콤달콤 고구마떡볶이,밀키트,6980,기타,[청정원]매콤달콤고구마떡볶이
[동원] 개성 감자 만두 2종 1.2kg (택1),밀키트,10980,2kg,[동원]개성감자만두2종1.(택1)
[슈퍼키친] 스팸참치마요덮밥,밀키트,5440,기타,[슈퍼키친]스팸참치마요덮밥
[고래주방] 한입꽃게 꼬치어묵전골,밀키트,9990,기타,[고래주방]한입꽃게꼬치어묵전골
[골라담기] 인기 피자 6종 (택2),밀키트,7980,기타,[골라담기]인기피자6종(택2)
[편스토랑X온더고] 김재중의 나폴리식 갈비덮밥,밀키트,6000,기타,[편스토랑x온더고]김재중의나폴리식갈비덮밥
[고메] 크리스피 후라이드 순살치킨 350g,밀키트,7980,350g,[고메]크리스피후라이드순살치킨
[탄단지] 세끼 뚝딱 도시락 3종 세트 시즌2,밀키트,8910,기타,[탄단지]세끼뚝딱도시락3종세트시즌2
[BHC] 치킨텐더 2종,밀키트,6990,기타,[bhc]치킨텐더2종
[한끼통살] 닭가슴살 치밥 주먹밥 3종 (택1),밀키트,6800,기타,[한끼통살]닭가슴살치밥주먹밥3종(택1)
[한끼통살] 곤약현미 볶음밥 5종 (택1),밀키트,7200,기타,[한끼통살]곤약현미볶음밥5종(택1)
[오뚜기] 가뿐한끼 100% 현미로 지은 부드러운 현미밥 130g*30입,밀키트,28900,130g,[오뚜기]가뿐한끼100%현미로지은부드러운현미밥*
[The:푸짐한] 돼지고기 김치전골,밀키트,14310,기타,[the:푸짐한]돼지고기김치전골
[포차안주] 통마늘 닭똥집볶음,밀키트,12510,기타,[포차안주]통마늘닭똥집볶음
[포차안주] 양념 닭목살 볶음,밀키트,12510,기타,[포차안주]양념닭목살볶음
[차려낸] 살얼음 육수 냉메밀소바 2인분,밀키트,7900,기타,[차려낸]살얼음육수냉메밀소바2인분
[정호영의 우동카덴] 니꾸 우동,밀키트,5584,기타,[정호영의우동카덴]니꾸우동
[차려낸] 비법 양념 서울식 소불고기전골,밀키트,13500,기타,[차려낸]비법양념서울식소불고기전골
[차려낸] 햄 가득 송탄식 부대찌개,밀키트,11900,기타,[차려낸]햄가득송탄식부대찌개
[모두의맛집] 오세득의 가지 라자냐,밀키트,10320,기타,[모두의맛집]오세득의가지라자냐
[톰볼라] 닭가슴살 버섯 크림 리조또,밀키트,8960,기타,[톰볼라]닭가슴살버섯크림리조또
[고래주방] 유부주머니 떡볶이와 어묵탕,밀키트,7140,기타,[고래주방]유부주머니떡볶이와어묵탕
[고래주방] 유부주머니 어묵탕,밀키트,10480,기타,[고래주방]유부주머니어묵탕
[고래주방] 동글동글 물떡 어묵탕,밀키트,8910,기타,[고래주방]동글동글물떡어묵탕
[사리원] 얼큰 소불고기 왕만두 전골,밀키트,15900,기타,[사리원]얼큰소불고기왕만두전골
[현우동] 멘타이 가마바타우동,밀키트,5933,기타,[현우동]멘타이가마바타우동
[현우동] 카케우동,밀키트,5015,기타,[현우동]카케우동
[피자로빈슨] 핫치킨 쉬림프,밀키트,14900,기타,[피자로빈슨]핫치킨쉬림프
[누누반] 통 닭가슴살 곤약 도시락 5종 (2개입) (택1),밀키트,9900,2개,[누누반]통닭가슴살곤약도시락5종(입)(택1)
[서교동 진진] 짜장면 2인분,밀키트,9280,기타,[서교동진진]짜장면2인분
[서교동 진진] 매콤 유니짜장면 2인분,밀키트,10000,기타,[서교동진진]매콤유니짜장면2인분
[Chai797] 오리지널 짬뽕,밀키트,10990,기타,[chai797]오리지널짬뽕
[Chai797] 유니짜장면,밀키트,6990,기타,[chai797]유니짜장면
[백년밥상] 스지 바지락 전골,밀키트,15400,기타,[백년밥상]스지바지락전골
[동원] 개성 잡채 군만두 300g*3,밀키트,6980,300g,[동원]개성잡채군만두*3
[동원] 교자 만두 1.2kg,밀키트,5980,2kg,[동원]교자만두1.
[동원] 딤섬 부채교 283g*2,밀키트,8980,283g,[동원]딤섬부채교*2
[마니커에프앤지] 통살팝콘치킨 (2개입),밀키트,10500,2개,[마니커에프앤지]통살팝콘치킨(입)
[마니커에프앤지] 버팔로닭다리골드,밀키트,11980,기타,[마니커에프앤지]버팔로닭다리골드
[마니커에프앤지] 통살치킨너겟,밀키트,6980,기타,[마니커에프앤지]통살치킨너겟
[제일맞게컬리] 김치베이컨 현미곤약 주먹밥,밀키트,7180,기타,[제일맞게컬리]김치베이컨현미곤약주먹밥
[제일맞게컬리] 닭가슴살블랙페퍼 현미곤약 주먹밥,밀키트,7180,기타,[제일맞게컬리]닭가슴살블랙페퍼현미곤약주먹밥
[제일맞게컬리] 전주비빔 현미곤약 주먹밥,밀키트,7180,기타,[제일맞게컬리]전주비빔현미곤약주먹밥
[투다리] 교자만두 전골,밀키트,10710,기타,[투다리]교자만두전골
[쉐프스토리] 크리스피 치즈볼 490g,밀키트,6100,490g,[쉐프스토리]크리스피치즈볼
[CJ] 숯불향 바베큐,밀키트,4200,기타,[cj]숯불향바베큐
[CJ] 숯불향 닭강정,밀키트,4200,기타,[cj]숯불향닭강정
[24-25 햇올리브][꾸악] 스페인 유기농 엑스트라버진 500mL,면,89100,기타,[24-25햇올리브][꾸악]스페인유기농엑스트라버진
[데체코] 엑스트라버진 올리브 오일 500mL,면,18975,기타,[데체코]엑스트라버진올리브오일
[파미고] 엑스트라 버진 올리브 오일 500mL,면,18900,기타,[파미고]엑스트라버진올리브오일
[스팸] 클래식 200gx2캔 + 25%라이트 200gx2캔 (4캔 구성),면,10800,200g,[스팸]클래식x2캔+25%라이트x2캔(4캔구성)
[존쿡 델리미트] 사각잠봉 400g,면,10608,400g,[존쿡델리미트]사각잠봉
[동원] 살코기 참치 85g X 6캔,면,9580,85g,[동원]살코기참치x6캔
[오뗄블랙라벨] 제주돼지로 만든 비엔나 소시지 250g,면,3752,250g,[오뗄블랙라벨]제주돼지로만든비엔나소시지
[컬리X햇반] 향긋한 골든퀸현미밥 200g*6입,면,6980,200g,[컬리x햇반]향긋한골든퀸현미밥*
[올리타리아] 엑스트라버진 올리브유 1L,면,27900,1L,[올리타리아]엑스트라버진올리브유
[농심] 신라면 멀티 5입,면,4150,5입,[농심]신라면멀티
[마이노멀] 알룰로스 485g,면,8980,485g,[마이노멀]알룰로스
[청양] 통참깨 참기름 & 통들깨 들기름 180ml,면,7565,180ml,[청양]통참깨참기름&통들깨들기름
[마정기름집] 프리미엄 국산 햇참기름 & 햇들기름 3종 (택1),면,26605,기타,[마정기름집]프리미엄국산햇참기름&햇들기름3종(택1)
[햇반] 백미밥 210g X 6입,면,8480,210g,[햇반]백미밥x
[청정원] 정통 파스타소스 5종 (600g),면,4980,600g,[청정원]정통파스타소스5종()
[더건강한] 샌드위치 햄,면,2440,기타,[더건강한]샌드위치햄
[풀무원] 다진마늘 2종,면,5990,기타,[풀무원]다진마늘2종
[그로브] 아보카도 엑스트라버진 오일 2종 (택1),면,15600,기타,[그로브]아보카도엑스트라버진오일2종(택1)
[마정기름집] 100% 통깨 햇참기름 2종 (택1),면,12500,기타,[마정기름집]100%통깨햇참기름2종(택1)
[폰타나] 파스타 소스 600g 5종,면,4980,600g,[폰타나]파스타소스5종
[오뚜기] 오뚜기밥 실속 210gX12,면,10500,210g,[오뚜기]오뚜기밥실속x12
[농심] 올리브 짜파게티 5입,면,5300,5입,[농심]올리브짜파게티
[올리타리아] 엑스트라버진 올리브 오일 500mL,면,17000,기타,[올리타리아]엑스트라버진올리브오일
[르네디종] 디종 머스터드 & 홀 그레인 머스터드 (190g/200g),면,4990,190g,[르네디종]디종머스터드&홀그레인머스터드(/)
[칠갑농산] 우리쌀 떡국떡 800g,면,5950,800g,[칠갑농산]우리쌀떡국떡
[골라담기] 오뚜기 라면 6종 균일가 (택3),면,3300,기타,[골라담기]오뚜기라면6종균일가(택3)
[팔도] 비빔면 5입,면,3260,5입,[팔도]비빔면
[더건강한] 그릴 김밥햄,면,5290,기타,[더건강한]그릴김밥햄
[미자언니네] 꽃게 액젓 2종 (택1),면,18040,기타,[미자언니네]꽃게액젓2종(택1)
[올리] 100% 메밀면 4입번들,면,8530,4입,[올리]100%메밀면번들
[프레스코발디] 라우데미오 엑스트라 버진 올리브 오일 500mL,면,71100,기타,[프레스코발디]라우데미오엑스트라버진올리브오일
[비비드키친] 저당 드레싱 3종,면,4280,기타,[비비드키친]저당드레싱3종
[오뗄블랙라벨] 제주돼지로 만든 분홍 소세지,면,3825,기타,[오뗄블랙라벨]제주돼지로만든분홍소세지
[리오마레] 올리브 오일 참치 80g (3캔/6캔) (택1),면,10780,80g,[리오마레]올리브오일참치(3캔/6캔)(택1)
[쟌슨빌] 소시지 3종,면,9990,기타,[쟌슨빌]소시지3종
[더건강한] 그릴 비엔나 200gX2개입,면,6480,200g,[더건강한]그릴비엔나x입
[룸모] 롱 파스타면 7종 (택1),면,4850,기타,[룸모]롱파스타면7종(택1)
[더건강한] 베이컨90g*2,면,6980,90g,[더건강한]베이컨*2
[Kurly's] 한돈 삼겹 베이컨,면,4320,기타,[kurly's]한돈삼겹베이컨
[에스비] 골든카레 220g 4종 (택1),면,4780,220g,[에스비]골든카레4종(택1)
[폰타나] 크림 파스타소스 430g 6종,면,7780,430g,[폰타나]크림파스타소스6종
[풀무원] 통밀 또띠아 6인치(6입),면,3580,6입,[풀무원]통밀또띠아6인치()
[주세페주스티] 화이트 발사믹 소스 (콘디멘토),면,44800,기타,[주세페주스티]화이트발사믹소스(콘디멘토)
[백설] 햄스빌 굿베이컨 110g*3,면,6980,110g,[백설]햄스빌굿베이컨*3
[오뗄블랙라벨] 전지 베이컨,면,2992,기타,[오뗄블랙라벨]전지베이컨
[데체코] 롱 파스타 6종,면,5280,기타,[데체코]롱파스타6종
[서림식품] 진참치액,면,10800,기타,[서림식품]진참치액
[폰타나] 이탈리아 정통 파스타면 4종 (택1),면,2780,기타,[폰타나]이탈리아정통파스타면4종(택1)
[이리아다] 엑스트라버진 실버틴 올리브 오일 500mL,면,23900,기타,[이리아다]엑스트라버진실버틴올리브오일
[일 티넬로 델 발사미코] 발사믹 글레이즈,면,13515,기타,[일티넬로델발사미코]발사믹글레이즈
[라베키아] 화이트 발사믹 비네거 (콘디멘토),면,21800,기타,[라베키아]화이트발사믹비네거(콘디멘토)
[맹가졸리] 발사믹 모데나 식초 3년산 & 8년산,면,8262,기타,[맹가졸리]발사믹모데나식초3년산&8년산
[백설] 고소함가득 참기름 500mL,면,9980,기타,[백설]고소함가득참기름
[한국맥꾸룸] 맥된장 2종,면,4580,기타,[한국맥꾸룸]맥된장2종
[알리안자] 아보카도 오일 500mL,면,9810,기타,[알리안자]아보카도오일
[천일식품] 사누끼 우동면,면,3980,기타,[천일식품]사누끼우동면
[드니그리스] 유기농 사과 식초 2종 (언필터) (택1),면,6950,기타,[드니그리스]유기농사과식초2종(언필터)(택1)
[농심] 육개장 사발면 6입,면,5580,6입,[농심]육개장사발면
[미자언니네] 프리미엄 맛간장,면,10000,기타,[미자언니네]프리미엄맛간장
[비비드키친] 저당 굴소스,면,5200,기타,[비비드키친]저당굴소스
[햇님마을] 국산 100% 깨가 쏟아지는 볶음참깨 2종,면,7980,기타,[햇님마을]국산100%깨가쏟아지는볶음참깨2종
[조선마켓] 조선향미 유기농 떡 2종 (택1),면,6750,기타,[조선마켓]조선향미유기농떡2종(택1)
[골라담기] 하림 The 미식 라면 10종 균일가 (택2),면,4950,기타,[골라담기]하림the미식라면10종균일가(택2)
[농심] 얼큰한 너구리 5입,면,4700,5입,[농심]얼큰한너구리
[순수람] 채소를 담은 자연주의 채담카레 2종 (낱개/4개입) (택1),면,2080,4개,[순수람]채소를담은자연주의채담카레2종(낱개/입)(택1)
[24-25 햇올리브][마이 올리브트리] 엑스트라버진 500mL,면,66000,기타,[24-25햇올리브][마이올리브트리]엑스트라버진
[풀무원] 식물성 지구식단 얇은 두유면 3입,면,5980,3입,[풀무원]식물성지구식단얇은두유면
[비비드키친] 비건마요,면,3980,기타,[비비드키친]비건마요
[풀무원] 튜브형 쌈장 2종,면,4480,기타,[풀무원]튜브형쌈장2종
[오스카마이어] 베이컨 453g 2종,면,15900,453g,[오스카마이어]베이컨2종
[후이펑] 닭표 스리라차 소스 255g,면,7980,255g,[후이펑]닭표스리라차소스
[목우촌] 주부9단 김밥햄 170gX2개,면,5980,170g,[목우촌]주부9단김밥햄x
[오뚜기] 백세카레 100g 3종(분말),면,3780,100g,[오뚜기]백세카레3종(분말)
[선물세트] 마정기름집 프리미엄 국산 햇참기름+햇들기름 2구 세트,면,58400,기타,[선물세트]마정기름집프리미엄국산햇참기름+햇들기름2구세트
[동원] 고추참치 85g X 6캔,면,9580,85g,[동원]고추참치x6캔
[데체코] 토마토 파스타소스 400g 3종,면,5980,400g,[데체코]토마토파스타소스3종
[목우촌] 주부9단 비엔나 소시지,면,10900,기타,[목우촌]주부9단비엔나소시지
[풀무원] 식물성 지구식단 두부면 100g 2종 (택1),면,2180,100g,[풀무원]식물성지구식단두부면2종(택1)
[목우촌] 뽀로로와 친구들 비엔나소시지 270gX2개,면,8980,270g,[목우촌]뽀로로와친구들비엔나소시지x
[CJ] 만번치댄 사누끼 우동면(230g*5),면,3980,230g,[cj]만번치댄사누끼우동면(*5)
[양평상회] 월간 참기름 200mL,면,30900,기타,[양평상회]월간참기름
[동원] 저스트 No Sugar 스위트콘 340g,면,1480,340g,[동원]저스트nosugar스위트콘
[오뚜기] 가벼운참치 라이트스탠다드 (135GX4),면,9900,기타,[오뚜기]가벼운참치라이트스탠다드(x4)
[소다미] 하동 매실원액 2종 (500ml/1000ml),면,8200,500ml,[소다미]하동매실원액2종(/)
[청정원] 카레여왕 108g 3종(분말),면,2900,108g,[청정원]카레여왕3종(분말)
[기꼬만] 혼쯔유 (코이다시) 500ml,면,6480,500ml,[기꼬만]혼쯔유(코이다시)
[이리아다] 유기농 엑스트라버진 올리브 오일 500mL,면,27500,기타,[이리아다]유기농엑스트라버진올리브오일
[백설] 포도씨유 900mL,면,12000,기타,[백설]포도씨유
[카페마마스] 마녀스프 2개입,면,8550,2개,[카페마마스]마녀스프입
[파르키오니] 퓨어 올리브유 500mL,면,16470,기타,[파르키오니]퓨어올리브유
[농심] 안성탕면 5입,면,3950,5입,[농심]안성탕면
[어반나이프] 프리미엄 소시지 2종,면,8690,기타,[어반나이프]프리미엄소시지2종
[존쿡 델리미트] 고소한 비엔나 소시지 255g,면,4380,255g,[존쿡델리미트]고소한비엔나소시지
[오뚜기] 마요네스 3종,면,3940,기타,[오뚜기]마요네스3종
[폰타나] 오일 파스타소스 430g 2종,면,6480,430g,[폰타나]오일파스타소스2종
[풀무원] 식물성 지구식단 납작 두유면 3입,면,5980,3입,[풀무원]식물성지구식단납작두유면
[아이스올리] 순얼음(지퍼백) (1kg X 2개),음료,3980,1kg,[아이스올리]순얼음(지퍼백)(x)
[아이스올리] 순얼음(지퍼백) 3kg,음료,3880,3kg,[아이스올리]순얼음(지퍼백)
[아이스올리] 빅 볼얼음(4입) 640g,음료,4800,4입,[아이스올리]빅볼얼음()
[제주깜놀] 국산 수박주스 3종 (택1),음료,3040,기타,[제주깜놀]국산수박주스3종(택1)
[몽베스트] 생수 위드어스(무라벨) (2L X 6개),음료,4050,2L,[몽베스트]생수위드어스(무라벨)(x)
[몽베스트] 생수 (1L X 6개),음료,3150,1L,[몽베스트]생수(x)
[몽베스트] 생수 위드어스(무라벨) (330mL X 20개),음료,5400,20개,[몽베스트]생수위드어스(무라벨)(x)
[두유본색] 자색고구마 아침두유 (190mL X 10개),음료,24900,10개,[두유본색]자색고구마아침두유(x)
[풀무원샘물] 생수 3종 (택1),음료,4200,기타,[풀무원샘물]생수3종(택1)
[두유본색] 단호박 아침두유 (190mL X 10개),음료,24900,10개,[두유본색]단호박아침두유(x)
"[골라담기] 탄산음료(제로콜라,사이다,밀키스) 미니캔 4종 (택2)",음료,2490,기타,"[골라담기]탄산음료(제로콜라,사이다,밀키스)미니캔4종(택2)"
[웅진] 차음료 4종 1.5L (택1),음료,1180,5L,[웅진]차음료4종1.(택1)
[아이시스] 무라벨 생수 (2L X 6개),음료,5110,2L,[아이시스]무라벨생수(x)
더 진한 생강진액(무가당) 1L,음료,18900,1L,더진한생강진액(무가당)
[트레비] 탄산수 (300mL X 20개) 4종,음료,7900,20개,[트레비]탄산수(x)4종
[롯데델몬트] 과일주스 1.5L 7종,음료,3780,5L,[롯데델몬트]과일주스1.7종
[후유아] 고칼슘 서리태콩물두유 2종 (택1),음료,3850,기타,[후유아]고칼슘서리태콩물두유2종(택1)
[빅토리아] 무라벨 탄산수 4종 (350mL X 20병) (택1),음료,10900,기타,[빅토리아]무라벨탄산수4종(x20병)(택1)
[지리산물하나] ECO 무라벨 (1LX6개),음료,2890,1L,[지리산물하나]eco무라벨(x)
[나탈리스] 프리미엄 레몬 착즙 주스 1L,음료,19900,1L,[나탈리스]프리미엄레몬착즙주스
[롯데칠성] 칠성사이다 1.25L 2종,음료,1640,25L,[롯데칠성]칠성사이다1.2종
[돈시몬] 과일 주스 1L 6종,음료,4990,1L,[돈시몬]과일주스6종
아오모리 순수착즙 사과주스 1L,음료,11900,1L,아오모리순수착즙사과주스
[레오] 소다 워터 탄산수 (325mL X 24개),음료,15900,24개,[레오]소다워터탄산수(x)
"[돈시몬] 에이드 2종(자몽, 레몬) 1.5L",음료,3480,5L,"[돈시몬]에이드2종(자몽,레몬)1."
"미에로화이바 2종(오리지널, 매실) 1.2L",음료,2500,2L,"미에로화이바2종(오리지널,매실)1."
[펩시] 제로 콜라 라임향 (250mL X 6캔),음료,3550,기타,[펩시]제로콜라라임향(x6캔)
[아임얼라이브] 유기농 콤부차 315mL 4종,음료,3800,기타,[아임얼라이브]유기농콤부차4종
[파스퇴르] 발렌시아 오렌지주스 2.3L,음료,12400,3L,[파스퇴르]발렌시아오렌지주스2.
[싱하] 소다 2종(레몬/유자) 330ml x 6개입,음료,7980,330ml,[싱하]소다2종(레몬/유자)x입
[나투렐라] 착즙 백포도 주스 1L,음료,4200,1L,[나투렐라]착즙백포도주스
[웅진] 차음료 2종 (500mL X 6개) (택1),음료,4680,6개,[웅진]차음료2종(x)(택1)
[웅진] 티즐제로 3종 (500mL X 6개) (택1),음료,5780,6개,[웅진]티즐제로3종(x)(택1)
[웅진] 아침햇살 (500mL X 6개),음료,6980,6개,[웅진]아침햇살(x)
[웅진] 자연은 감귤 (500mL X 6개),음료,8380,6개,[웅진]자연은감귤(x)
[웅진] 하늘보리 1L,음료,1280,1L,[웅진]하늘보리
[웅진] 하늘보리 1.5L,음료,1690,5L,[웅진]하늘보리1.
[루비콘] 어린이 주스 2종 (200mL X 4개),음료,5400,4개,[루비콘]어린이주스2종(x)
[풀무원] 아임리얼 착즙야채 2종 700mL,음료,9480,기타,[풀무원]아임리얼착즙야채2종
[랭거스] 과일주스 3종 (449mL X 6개),음료,16275,6개,[랭거스]과일주스3종(x)
[파스퇴르] 유기농 야채농장 2종 (190mL X 4개),음료,5800,4개,[파스퇴르]유기농야채농장2종(x)
[돈시몬] 착즙 홍자몽 2L,음료,9580,2L,[돈시몬]착즙홍자몽
[메종페리에] 탄산수 2종(레몬/라임) (330mL X 4개),음료,5980,4개,[메종페리에]탄산수2종(레몬/라임)(x)
파워오투 4종 (500mL X 24개) (택1),음료,34900,24개,파워오투4종(x)(택1)
[폴라레티] 후르츠/해피썸머 2종 (40g X 10개) (택1),음료,2990,40g,[폴라레티]후르츠/해피썸머2종(x)(택1)
[하이트진로] 토닉워터 (300mL X 6개),음료,5590,6개,[하이트진로]토닉워터(x)
[하이트진로] 블랙보리 (520mL X 6개),음료,5590,6개,[하이트진로]블랙보리(x)
[아임얼라이브] 콤부차 3종 250mL (택1),음료,3200,기타,[아임얼라이브]콤부차3종(택1)
게토레이 제로 (600mL X 6개),음료,8900,6개,게토레이제로(x)
[일화] 일화차시 호박팥차 (500mL X 6개),음료,5980,6개,[일화]일화차시호박팥차(x)
[팁코] 브로콜리 1L,음료,4300,1L,[팁코]브로콜리
환타 제로 오렌지 (350ml X 6입),음료,5780,350ml,환타제로오렌지(x)
[썬키스트] 제로 자두자몽 소다 (355mL X 6개),음료,5280,6개,[썬키스트]제로자두자몽소다(x)
[호우섬] 홍콩 밀크티 (350ml X 6개입),음료,13800,350ml,[호우섬]홍콩밀크티(x입)
[풀무원] 브리지톡 탄산수 (500mL X 20개) 2종(택1),음료,10900,20개,[풀무원]브리지톡탄산수(x)2종(택1)
[낫띵베럴] 이너주스 유기농 애플사이다 비니거 (100mL X 24개),음료,28500,24개,[낫띵베럴]이너주스유기농애플사이다비니거(x)
[꼬소꼬미] 유기농 어린이 차음료 2종(보리차/옥수수차),음료,16900,기타,[꼬소꼬미]유기농어린이차음료2종(보리차/옥수수차)
헬씨올리고 프리바이오틱스 스파클링 (100mL X 10개),음료,6000,10개,헬씨올리고프리바이오틱스스파클링(x)
국산콩 영암귀리 두유 (190mL X 16개),음료,8650,16개,국산콩영암귀리두유(x)
[자임] 착즙 제주 감귤주스 2종(한라봉/천혜향) (350mL X 4개),음료,11900,4개,[자임]착즙제주감귤주스2종(한라봉/천혜향)(x)
[라티브] 2주 습관 CCA 주스 (100mL X 4개),음료,10788,4개,[라티브]2주습관cca주스(x)
[라티브] 베리 부스팅 주스 (100mL X 4개),음료,11600,4개,[라티브]베리부스팅주스(x)
[CLOOP] 애사비 제로소다 2종 (500mL X 6개),음료,11900,6개,[cloop]애사비제로소다2종(x)
[자임] 알로에 착즙주스 1L,음료,11900,1L,[자임]알로에착즙주스
[스프라우드] 비건 완두콩 두유 1L 5종,음료,6900,1L,[스프라우드]비건완두콩두유5종
[코카콜라] 토레타 제로 (500mL X 6개),음료,7180,6개,[코카콜라]토레타제로(x)
[해태] 갈아만든 배 (340mL X 6캔),음료,5380,기타,[해태]갈아만든배(x6캔)
[오트사이드] 미니 귀리 우유 3종 (200mL X 6팩),음료,7980,6팩,[오트사이드]미니귀리우유3종(x)
[빈나리] 서리태 콩담백두유 (NON-GMO)(160mL X 15팩),음료,32400,15팩,[빈나리]서리태콩담백두유(non-gmo)(x)
[돈시몬] 착즙 레몬주스 1L,음료,5980,1L,[돈시몬]착즙레몬주스
[일화] 맥콜 (250mL X 6캔),음료,2980,기타,[일화]맥콜(x6캔)
[일화] 맥콜 제로 (250mL X 6캔),음료,3380,기타,[일화]맥콜제로(x6캔)
[일화] 부르르 제로콜라 (250mL X 6캔),음료,2500,기타,[일화]부르르제로콜라(x6캔)
[일화] 부르르 제로사이다 (250mL X 6캔),음료,2500,기타,[일화]부르르제로사이다(x6캔)
[롯데칠성] 칠성사이다 제로 (210mL X 30캔),음료,16100,기타,[롯데칠성]칠성사이다제로(x30캔)
[펩시] 제로 콜라 라임향 (210mL X 30캔),음료,15000,기타,[펩시]제로콜라라임향(x30캔)
[풀무원녹즙] 프레시업(ABC주스/CCA주스) 190mL (택1),음료,3800,기타,[풀무원녹즙]프레시업(abc주스/cca주스)(택1)
[펩시] 제로 콜라 카페인 제로 (355mL X 6캔),음료,5980,기타,[펩시]제로콜라카페인제로(x6캔)
[레드불] 에너지드링크 3종 (250mL X 6개)(택1),음료,9520,6개,[레드불]에너지드링크3종(x)(택1)
"[동서] 차 음료 PET 20개입 (보리차, 옥수수차 ) (택1)",음료,24400,20개,"[동서]차음료pet입(보리차,옥수수차)(택1)"
[플랜틀리] 바로 갈아먹어 건강한 클렌즈 스무디 3종,음료,5300,기타,[플랜틀리]바로갈아먹어건강한클렌즈스무디3종
[분다버그] 진저비어 & 레몬라임 & 자몽 3종 (375mL X 4개)(택1),음료,10530,4개,[분다버그]진저비어&레몬라임&자몽3종(x)(택1)
[Maple3]퓨어 메이플워터 1L,음료,9900,1L,[maple3]퓨어메이플워터
[분다버그] 트레디셔널 레몬에이드 (375mL X 4개입),음료,12100,4개,[분다버그]트레디셔널레몬에이드(x입)
[오랑지나] 프랑스 오렌지 음료 (420mL x 6개입),음료,5950,6개,[오랑지나]프랑스오렌지음료(x입)
[올가니카] 스무디 300mL 3종 (택1),음료,6000,기타,[올가니카]스무디3종(택1)
[올가니카] 착즙주스 300mL 9종 (택1),음료,6000,기타,[올가니카]착즙주스9종(택1)
[올가니카] 스무디 190mL 3종 (택1),음료,4200,기타,[올가니카]스무디3종(택1)
[코카콜라] 제로제로 (제로 슈거&제로 카페인) 250mL X 6개입,음료,7580,6개,[코카콜라]제로제로(제로슈거&제로카페인)x입
[토마키오] 유기농 스파클링 에이드 4종 (275mL X 4개입),음료,11900,4개,[토마키오]유기농스파클링에이드4종(x입)
나랑드 사이다 (500mL X 24개) 3종 (택1),음료,21900,24개,나랑드사이다(x)3종(택1)
[풀무원녹즙] 클렌즈랩(레드/옐로우/그린/퍼플) 4종 190mL (택1),음료,3600,기타,[풀무원녹즙]클렌즈랩(레드/옐로우/그린/퍼플)4종(택1)
풀무원녹즙 클렌즈랩 1days 프로그램 (7병),음료,30900,기타,풀무원녹즙클렌즈랩1days프로그램(7병)
[오뚜기] 생얼음 3kg,음료,4480,3kg,[오뚜기]생얼음
[가야농장] 토마토 주스 1.5L,음료,2780,5L,[가야농장]토마토주스1.
[따옴] 오가닉 프리미엄 유기농 주스 2종 (120mL X 24개)(택1),음료,19900,24개,[따옴]오가닉프리미엄유기농주스2종(x)(택1)
[런던베이글뮤지엄] 베이글 6개 & 크림치즈 3개 세트,베이커리,40200,6개,[런던베이글뮤지엄]베이글&크림치즈세트
[밀도] 로얄저지우유식빵,베이커리,4200,기타,[밀도]로얄저지우유식빵
[런던베이글뮤지엄] 베이글 4개 & 크림치즈 2개,베이커리,27900,4개,[런던베이글뮤지엄]베이글&크림치즈
[슈퍼너츠] 100% 땅콩버터 460g 2종 (택1),베이커리,14400,460g,[슈퍼너츠]100%땅콩버터2종(택1)
[하트티라미수] 티라미수 7종 (택1),베이커리,26000,기타,[하트티라미수]티라미수7종(택1)
[오넛티] 100% 땅콩버터 2종 (택1),베이커리,11900,기타,[오넛티]100%땅콩버터2종(택1)
[크리스피크림도넛] 오리지널 글레이즈드 (9개입),베이커리,14000,9개,[크리스피크림도넛]오리지널글레이즈드(입)
[라콩비에트] AOP 가염버터 (15gx10개입),베이커리,13980,15g,[라콩비에트]aop가염버터(x입)
[옳곡] 100% 국내산 땅콩버터 2종 (택1),베이커리,13200,기타,[옳곡]100%국내산땅콩버터2종(택1)
[교토마블] 데니쉬 식빵 3종 (택1),베이커리,7900,기타,[교토마블]데니쉬식빵3종(택1)
[도제] 촉촉한 생식빵 2종 (택1),베이커리,6990,기타,[도제]촉촉한생식빵2종(택1)
[르까도드마비] 타르트 퍼플벌룬 (16개입),베이커리,29700,16개,[르까도드마비]타르트퍼플벌룬(입)
[아르토스베이커리] 통밀 식빵,베이커리,3510,기타,[아르토스베이커리]통밀식빵
MY FIRST 처음 만나는 모닝롤 (24gX10개입),베이커리,4880,24g,myfirst처음만나는모닝롤(x입)
[화이트리에] 풍미 가득 생식빵,베이커리,6300,기타,[화이트리에]풍미가득생식빵
[밀도] 소화가잘되는 우유로 만든 쌀식빵 480g,베이커리,4800,480g,[밀도]소화가잘되는우유로만든쌀식빵
[밀도] 호밀잡곡식빵,베이커리,4462,기타,[밀도]호밀잡곡식빵
[브로드카세] 저당 통밀브레드,베이커리,9800,기타,[브로드카세]저당통밀브레드
[베키아에누보] 이탈리안 올리브 치아바타 800g,베이커리,10370,800g,[베키아에누보]이탈리안올리브치아바타
[포비베이글] 크림치즈 200g 8종(택1),베이커리,8910,200g,[포비베이글]크림치즈8종(택1)
[브로드카세] 저당 호밀통밀 깜빠뉴,베이커리,6000,기타,[브로드카세]저당호밀통밀깜빠뉴
[노티드] 크림 도넛 5종 (택1),베이커리,8000,기타,[노티드]크림도넛5종(택1)
[노아베이커리] 치아바타 3종(택1),베이커리,4700,기타,[노아베이커리]치아바타3종(택1)
[올드페리도넛] 시그니처 4종세트,베이커리,15300,기타,[올드페리도넛]시그니처4종세트
[감자밭] 감자빵 오리지널 (120gX5개입),베이커리,17000,120g,[감자밭]감자빵오리지널(x입)
[아티제] 버터롤,베이커리,7000,기타,[아티제]버터롤
[군산 이성당] 샌드웨이퍼 2종 (10개입) (택1),베이커리,10000,10개,[군산이성당]샌드웨이퍼2종(입)(택1)
[브레댄코] 리얼 브라우니 쿠키2종 (택1),베이커리,3136,기타,[브레댄코]리얼브라우니쿠키2종(택1)
[훕훕베이글] 시그니처 베이글 12종 (택1),베이커리,2900,기타,[훕훕베이글]시그니처베이글12종(택1)
[필라델피아] 크림치즈 플레인 190g,베이커리,5490,190g,[필라델피아]크림치즈플레인
[제니쿠키] 버터 쿠키 2종 (택1),베이커리,28800,기타,[제니쿠키]버터쿠키2종(택1)
[파스키에] 트레쎄 브리오슈 (500g),베이커리,9480,500g,[파스키에]트레쎄브리오슈()
[밀도] 모닝롤(180g),베이커리,4490,180g,[밀도]모닝롤()
[선물세트][브레댄코] 브라우니 쿠키 선물세트 24입,베이커리,16990,24입,[선물세트][브레댄코]브라우니쿠키선물세트
[밀도] 리치식빵,베이커리,6800,기타,[밀도]리치식빵
[복음자리] 딸기잼 500g,베이커리,7480,500g,[복음자리]딸기잼
[크리스피크림도넛] 미니 오리지널 글레이즈드 (16개입),베이커리,15500,16개,[크리스피크림도넛]미니오리지널글레이즈드(입)
[플랜티] 100% 피넛버터 375g 2종 (택1),베이커리,8980,375g,[플랜티]100%피넛버터2종(택1)
[마담로익] 크림치즈 3종,베이커리,11900,기타,[마담로익]크림치즈3종
[아이엠베이글] 베이글 5종 (3개입) (택1),베이커리,8910,3개,[아이엠베이글]베이글5종(입)(택1)
[브레댄코] 봉주르 카스테라 2종 (택1),베이커리,10800,기타,[브레댄코]봉주르카스테라2종(택1)
[도쿄바나나] 바나나 빵 8개입,베이커리,24900,8개,[도쿄바나나]바나나빵입
[그녀의빵공장] 햄치즈 야채 모닝빵 (35gX6입),베이커리,5610,35g,[그녀의빵공장]햄치즈야채모닝빵(x)
[타쿠미야] 고급생식빵,베이커리,11000,기타,[타쿠미야]고급생식빵
[선물세트] 올드페리도넛 고메도넛 8구세트,베이커리,23300,기타,[선물세트]올드페리도넛고메도넛8구세트
[그래인스 쿠키] 샤르망,베이커리,23000,기타,[그래인스쿠키]샤르망
[크리스피크림도넛] 오리지널 글레이즈드 (3개입),베이커리,5400,3개,[크리스피크림도넛]오리지널글레이즈드(입)
[외계인방앗간] 우리쌀 모닝빵 3종,베이커리,7500,기타,[외계인방앗간]우리쌀모닝빵3종
[널담] 고단백 배꼽베이글 4개입 7종 (택1),베이커리,7920,4개,[널담]고단백배꼽베이글입7종(택1)
[파스키에] 슬라이스 브리오슈 (500g),베이커리,8980,500g,[파스키에]슬라이스브리오슈()
[마이노멀] 100% 무가당 땅콩버터 250g 2종 (택1),베이커리,11980,250g,[마이노멀]100%무가당땅콩버터2종(택1)
[몽샹82] 올인원 누가 크래커 16pcs,베이커리,21500,기타,[몽샹82]올인원누가크래커16pcs
[폴 바셋] Nata 포르투갈 에그타르트 (오리지널),베이커리,8900,기타,[폴바셋]nata포르투갈에그타르트(오리지널)
[노아베이커리] 블루베리번,베이커리,4700,기타,[노아베이커리]블루베리번
[블랑제리코팡] 바게트,베이커리,5200,기타,[블랑제리코팡]바게트
[도제] 탕종 통밀식빵 440g,베이커리,6700,440g,[도제]탕종통밀식빵
진짜 아보카도 퓨레 100g*2입,베이커리,7000,100g,진짜아보카도퓨레*
[교토마블] 통밀 데니쉬 식빵 (460g),베이커리,6800,460g,[교토마블]통밀데니쉬식빵()
[다보] 과일함량 70% 과일잼 5종,베이커리,5480,기타,[다보]과일함량70%과일잼5종
[샹달프] 과일잼 5종 (택1),베이커리,5830,기타,[샹달프]과일잼5종(택1)
[그래인스 쿠키] 베이커스초이스,베이커리,17000,기타,[그래인스쿠키]베이커스초이스
[나폴레옹] 구로칸토슈니탱,베이커리,27800,기타,[나폴레옹]구로칸토슈니탱
[그래인스 쿠키] 콜렉션,베이커리,35000,기타,[그래인스쿠키]콜렉션
[폴 바셋] 콜드브루 원액 디카페인 300mL,베이커리,21900,기타,[폴바셋]콜드브루원액디카페인
[밀도] The 잡곡식빵,베이커리,8900,기타,[밀도]the잡곡식빵
[우드앤브릭] 호밀빵 3종,베이커리,6300,기타,[우드앤브릭]호밀빵3종
[오설록] 그린티 랑드샤 10입,베이커리,14000,10입,[오설록]그린티랑드샤
[포비베이글] 베이글 5종 (택1),베이커리,2880,기타,[포비베이글]베이글5종(택1)
[퀸즈트리] 100% 땅콩버터 500g 2종 (택1),베이커리,8590,500g,[퀸즈트리]100%땅콩버터2종(택1)
MY FIRST 처음 만나는 식빵 424g,베이커리,5550,424g,myfirst처음만나는식빵
[프로밀크] 터키 카이막 크림치즈 180g,베이커리,9900,180g,[프로밀크]터키카이막크림치즈
[아르토스베이커리] 통밀 모닝빵,베이커리,4950,기타,[아르토스베이커리]통밀모닝빵
[제일맞게컬리] 츄러스 350g(2종/택1),베이커리,5980,350g,[제일맞게컬리]츄러스(2종/택1)
[선물세트] PNB 미니초코파이 선물세트,베이커리,24500,기타,[선물세트]pnb미니초코파이선물세트
[삼립] KBO빵 9종 (택1),베이커리,1600,기타,[삼립]kbo빵9종(택1)
[픽어베이글] 베이글 8종 (택1),베이커리,3100,기타,[픽어베이글]베이글8종(택1)
[캐치! 티니핑] 하츄핑의 슈크림 만쥬 150g (띠부씰 50종 중 1종 랜덤),베이커리,7565,150g,[캐치!티니핑]하츄핑의슈크림만쥬(띠부씰50종중1종랜덤)
[소다미] 하동 매실원액 2종 (500ml/1000ml),베이커리,8200,500ml,[소다미]하동매실원액2종(/)
[알라] 포션 크림치즈 6개입,베이커리,3900,6개,[알라]포션크림치즈입
[더 트러플베이커리] 티슈 브레드 140g,베이커리,7900,140g,[더트러플베이커리]티슈브레드
[도제] 클래식 베이글 4종 (택1),베이커리,3400,기타,[도제]클래식베이글4종(택1)
[선물세트] 나폴레옹 미니 쿠키 6종 세트,베이커리,46900,기타,[선물세트]나폴레옹미니쿠키6종세트
[사층빵집] 까눌레 9종 (2개입)(택1),베이커리,5500,2개,[사층빵집]까눌레9종(입)(택1)
[테디] 100% 땅콩버터 454g 2종,베이커리,14800,454g,[테디]100%땅콩버터2종
[메이플조] 메이플시럽 3종,베이커리,6910,기타,[메이플조]메이플시럽3종
[사층빵집] 부드러운 쿠키 5종 (택 1),베이커리,6500,기타,[사층빵집]부드러운쿠키5종(택1)
[선물세트] 신라명과 마드렌 세트 (14gX30개입),베이커리,16900,14g,[선물세트]신라명과마드렌세트(x입)
[나폴레옹] 쇼콜라비스큐슈니탱,베이커리,25854,기타,[나폴레옹]쇼콜라비스큐슈니탱
[고메공방] 계란빵 2종 (5개입) (택1),베이커리,12500,5개,[고메공방]계란빵2종(입)(택1)
[필라델피아] 포션 크림치즈,베이커리,4700,기타,[필라델피아]포션크림치즈
[이즈니] AOP 버터 2종,베이커리,11880,기타,[이즈니]aop버터2종
[근대골목단팥빵] 옛날 미니맘모스빵,베이커리,4000,기타,[근대골목단팥빵]옛날미니맘모스빵
[헬카페] 콜드브루 500mL,베이커리,14000,기타,[헬카페]콜드브루
[신라명과] 마드렌 (15gX10개입),베이커리,5355,15g,[신라명과]마드렌(x입)
[마루와유지] 빵에 발라 구워먹는 일본 스프레드 3종 (택1),베이커리,6300,기타,[마루와유지]빵에발라구워먹는일본스프레드3종(택1)
[밀도] THE 부드러운 소금빵 2개입,베이커리,6000,2개,[밀도]the부드러운소금빵입
